date,invested,portfolio_value,benchmark_value
2015-10-15,107.88999099556654,107.88999099556654,107.88999099556654
2015-10-16,107.88999099556654,108.23998224083635,108.38297309380833
2015-10-19,107.88999099556654,109.46999224546819,108.41391210536456
2015-10-20,107.88999099556654,109.83999498201331,108.26266481718044
2015-10-21,107.88999099556654,110.08998752948006,107.64593366616117
2015-10-22,107.88999099556654,113.24999002928337,109.43855006629346
2015-10-23,107.88999099556654,113.08999043398207,110.64622752755264
2015-10-26,107.88999099556654,113.51998567394351,110.43540306046988
2015-10-27,107.88999099556654,113.76998661549216,110.15353216065662
2015-10-28,107.88999099556654,114.33998674764345,111.46806250563364
2015-10-29,107.88999099556654,115.03997763226502,111.43082239791732
2015-10-30,107.88999099556654,113.73998616674305,110.89487255849075
2015-11-02,211.19998085776797,218.34996749446645,215.52167962298813
2015-11-03,211.19998085776797,218.12000714338978,216.11312220514117
2015-11-04,211.19998085776797,217.18999886838156,215.42374612311352
2015-11-05,211.19998085776797,221.75998674400893,215.22402410835076
2015-11-06,211.19998085776797,222.76998064367768,215.1739626416065
2015-11-09,211.19998085776797,222.90996671731267,213.10474639477064
2015-11-10,211.19998085776797,225.3299849498602,213.4821617670757
2015-11-11,211.19998085776797,225.52997205517204,212.7933364014786
2015-11-12,211.19998085776797,224.2299762764847,209.85428370081223
2015-11-13,211.19998085776797,218.7899636001717,207.50502143300736
2015-11-16,859.0099631575727,867.7699706651479,858.443865552492
2015-11-17,859.0099631575727,864.5599952854742,857.4751898396173
2015-11-18,859.0099631575727,889.4499380233663,871.4041936874081
2015-11-19,859.0099631575727,886.2399707142685,870.4624514840409
2015-11-20,859.0099631575727,895.8399963840673,873.91328001823
2015-11-23,859.0099631575727,905.3599883484702,872.8706466400209
2015-11-24,859.0099631575727,894.8399520212824,873.9626033760882
2015-11-25,859.0099631575727,899.419918882797,873.9402135277373
2015-11-26,859.0099631575727,899.419918882797,873.9402135277373
2015-11-27,859.0099631575727,893.8399384945319,874.6509954127877
2015-11-30,859.0099631575727,882.5100229094012,870.6373550671228
2015-12-01,859.0099631575727,901.5699490839754,880.007752944967
2015-12-02,859.0099631575727,896.0799561134052,870.5341646902499
2015-12-03,859.0099631575727,882.5199616791476,858.0582017832237
2015-12-04,859.0099631575727,893.0599843800757,875.6757278608973
2015-12-07,859.0099631575727,889.2699997313322,869.6216004555158
2015-12-08,859.0099631575727,896.3000032162038,864.0540279942445
2015-12-09,859.0099631575727,880.8599356294487,857.4213775635079
2015-12-10,859.0099631575727,879.2099914705248,859.4461534093452
2015-12-11,859.0099631575727,851.0025453349244,842.8892711257913
2015-12-14,971.4900004445116,985.1009862454877,959.4345165753788
2015-12-15,971.4900004445116,986.5589583928534,969.6303306838313
2015-12-16,971.4900004445116,1008.4194425010475,983.793677915039
2015-12-17,971.4900004445116,998.5780220709356,969.1476830917401
2015-12-18,971.4900004445116,982.620559707171,951.9007367963236
2015-12-21,971.4900004445116,983.8832421096726,959.416718829146
2015-12-22,971.4900004445116,983.3142603460294,967.9767526235571
2015-12-23,971.4900004445116,983.1766926076778,980.072460639102
2015-12-24,971.4900004445116,982.3785588797102,978.5078092969392
2015-12-25,971.4900004445116,982.3785588797102,978.5078092969392
2015-12-28,971.4900004445116,995.8874588050007,976.3817537852783
2015-12-29,971.4900004445116,1017.7364059454763,986.9509484863021
2015-12-30,971.4900004445116,1009.6316270660485,979.9276601601692
2015-12-31,971.4900004445116,991.5635423520102,970.7073113766036
2016-01-01,971.4900004445116,991.5635423520102,970.7073113766036
2016-01-04,971.4900004445116,948.2001120872936,956.0740292291853
2016-01-05,971.4900004445116,940.7767848954842,957.9994105010918
2016-01-06,971.4900004445116,937.3232868735947,945.7740952046181
2016-01-07,971.4900004445116,902.4478008088828,923.3835382348582
2016-01-08,971.4900004445116,901.226240469184,913.3807707606315
2016-01-11,971.4900004445116,914.3405221856552,914.1580423678873
2016-01-12,971.4900004445116,919.3303787439606,921.2930782156633
2016-01-13,971.4900004445116,873.751278282064,898.3969908372272
2016-01-14,971.4900004445116,890.6353189340838,913.411281182745
2016-01-15,971.4900004445116,856.7819368097114,893.7207725439184
2016-01-18,971.4900004445116,856.7819368097114,893.7207725439184
2016-01-19,1065.4600100058321,954.9423601680836,988.170825149101
2016-01-20,1065.4600100058321,948.583155959584,976.7604602316067
2016-01-21,1065.4600100058321,954.1226584654398,981.8663487407106
2016-01-22,1065.4600100058321,990.1611848438257,1001.784700376124
2016-01-25,1065.4600100058321,984.170884734785,986.1245909532868
2016-01-26,1065.4600100058321,991.7371245831885,1000.0752906242773
2016-01-27,1065.4600100058321,960.4646047725853,989.2740194317032
2016-01-28,1065.4600100058321,1026.2095034426984,994.8317940819102
2016-01-29,1065.4600100058321,988.8041855719678,1019.4855616030118
2016-02-01,1065.4600100058321,977.2399223166562,1019.0645139155782
2016-02-02,1065.4600100058321,948.0269051836237,999.9938771065898
2016-02-03,1814.8398143464588,1680.379634665682,1754.7097618804887
2016-02-04,1814.8398143464588,1665.3756121012932,1757.737514346294
2016-02-05,1814.8398143464588,1592.8920071833422,1725.3481105140531
2016-02-08,1814.8398143464588,1572.3659486156967,1701.0866186462727
2016-02-09,1814.8398143464588,1563.3669636497275,1700.3124862258292
2016-02-10,1814.8398143464588,1571.3809577415996,1700.5770691853504
2016-02-11,1814.8398143464588,1587.4972160863108,1679.9753624949985
2016-02-12,1814.8398143464588,1593.3641767064332,1712.9429733915817
2016-02-15,1814.8398143464588,1593.3641767064332,1712.9429733915817
2016-02-16,1814.8398143464588,1623.9297906513518,1741.809787640685
2016-02-17,1814.8398143464588,1661.5344712700226,1770.6962183479081
2016-02-18,1814.8398143464588,1633.7122105291223,1762.5290734672076
2016-02-19,1814.8398143464588,1648.7700806035484,1762.7397111668988
2016-02-22,1814.8398143464588,1686.4733727080693,1788.216227312625
2016-02-23,1814.8398143464588,1662.2650527138285,1766.051663050345
2016-02-24,1814.8398143464588,1669.9130567160341,1773.983769271254
2016-02-25,1814.8398143464588,1681.5380301053642,1794.546243045366
2016-02-26,1814.8398143464588,1676.6766878914032,1791.4007918308407
2016-02-29,1865.7198241205747,1716.4067953277581,1827.8964356257052
2016-03-01,1865.7198241205747,1780.6114169064676,1871.559553486497
2016-03-02,1865.7198241205747,1778.5083342884643,1879.5675610189305
2016-03-03,1865.7198241205747,1771.33406141365,1886.3357213967638
2016-03-04,1865.7198241205747,1766.9400628047863,1892.6100099398675
2016-03-07,1865.7198241205747,1734.1997625516244,1894.414229318161
2016-03-08,1865.7198241205747,1729.2150569963142,1873.4695849668997
2016-03-09,1865.7198241205747,1742.8445613886204,1883.2615107185013
2016-03-10,1865.7198241205747,1746.8907733806045,1883.6747931033683
2016-03-11,1865.7198241205747,1776.2825593025625,1915.0867150998106
2016-03-14,1865.7198241205747,1787.9996721334646,1912.7987129476867
2016-03-15,1865.7198241205747,1794.1070792671856,1909.3163874523348
2016-03-16,1865.7198241205747,1802.2158708239913,1920.13641311699
2016-03-17,1865.7198241205747,1789.8123555170955,1932.8210694880038
2016-03-18,1865.7198241205747,1777.9606336187276,1941.3329148787375
2016-03-21,1865.7198241205747,1785.8858199759636,1943.2580799504883
2016-03-22,1865.7198241205747,1789.9344868949263,1941.852009365714
2016-03-23,1865.7198241205747,1794.6863825782264,1929.45464515566
2016-03-24,1865.7198241205747,1806.3565048540354,1928.7288479575864
2016-03-25,1865.7198241205747,1806.3565048540354,1928.7288479575864
2016-03-28,1865.7198241205747,1802.949598319516,1929.7973041142352
2016-03-29,2631.609870012584,2601.7034420796654,2713.0941790272104
2016-03-30,2631.609870012584,2613.7283091830827,2725.1787186645497
2016-03-31,2631.609870012584,2597.608118750747,2719.631542622091
2016-04-01,2631.609870012584,2618.8317504291917,2736.869994755273
2016-04-04,2631.609870012584,2601.1256909143403,2728.6826042919624
2016-04-05,2631.609870012584,2575.0878163631965,2701.009639389871
2016-04-06,2631.609870012584,2614.196693860714,2730.3748032756794
2016-04-07,2631.609870012584,2581.835619743385,2697.7725009632145
2016-04-08,2631.609870012584,2581.2974863199497,2705.313938050915
2016-04-11,2631.609870012584,2577.078489296704,2697.905874563593
2016-04-12,2631.609870012584,2603.4334650177034,2724.0621861976315
2016-04-13,2631.609870012584,2636.7453388043787,2751.8194953302964
2016-04-14,2631.609870012584,2648.3305028362906,2752.5779076800036
2016-04-15,2631.609870012584,2659.43777707321,2749.8674064003417
2016-04-18,2631.609870012584,2689.2937411070993,2767.906614429881
2016-04-19,2631.609870012584,2662.507740749303,2776.43806763864
2016-04-20,2631.609870012584,2665.752985590824,2778.7131332563995
2016-04-21,2631.609870012584,2673.244468807058,2764.3535280013
2016-04-22,2631.609870012584,2572.838605338913,2764.4939302875596
2016-04-25,2631.609870012584,2588.2904335416806,2759.494306018375
2016-04-26,2687.109870012584,2598.6887565388097,2820.155418631462
2016-04-27,2687.109870012584,2574.4121402649353,2825.0189814789005
2016-04-28,2687.109870012584,2538.334523235405,2799.132558053533
2016-04-29,2687.109870012584,2599.7498117761315,2784.9860464719723
2016-05-02,2687.109870012584,2640.925730008009,2806.7610350452564
2016-05-03,2687.109870012584,2614.8769060226014,2782.479069735999
2016-05-04,2687.109870012584,2619.827191244995,2766.55620005706
2016-05-05,2687.109870012584,2616.6674982775985,2766.55620005706
2016-05-06,2687.109870012584,2655.301734927639,2775.710267523436
2016-05-09,2726.729872801707,2707.740689176605,2817.4504283724737
2016-05-10,2726.729872801707,2757.4326261810575,2852.6781786707734
2016-05-11,2726.729872801707,2739.020725307654,2826.8875953040833
2016-05-12,2726.729872801707,2736.4284181453604,2826.6843327013503
2016-05-13,2726.729872801707,2718.809575534409,2802.94233839362
2016-05-16,2726.729872801707,2733.016726530924,2830.687328932664
2016-05-17,2726.729872801707,2693.654049366676,2804.9111122944396
2016-05-18,2726.729872801707,2698.7342920671963,2805.9064959999705
2016-05-19,2726.729872801707,2682.659244670928,2795.5321217447636
2016-05-20,2726.729872801707,2704.2481129254684,2812.8082014079578
2016-05-23,2726.729872801707,2687.8837258712138,2807.0471432933186
2016-05-24,2726.729872801707,2733.2003054051766,2845.515034278119
2016-05-25,2726.729872801707,2750.5024372788207,2865.5372874824284
2016-05-26,2726.729872801707,2756.086201580138,2865.333847512677
2016-05-27,2726.729872801707,2776.0279682869686,2878.134602575379
2016-05-30,2726.729872801707,2776.047364838693,2878.134602575379
2016-05-31,2726.729872801707,2786.2759989328074,2875.432061320714
2016-06-01,2726.729872801707,2779.670845964454,2879.1736185673603
2016-06-02,2726.729872801707,2779.777520151793,2887.6444899844064
2016-06-03,2726.729872801707,2759.1416746791306,2879.2679778209854
2016-06-06,2845.5198737172345,2868.751838095597,3012.2319092532816
2016-06-07,2845.5198737172345,2864.7496047154336,3016.1798853591467
2016-06-08,2845.5198737172345,2891.8029124469563,3026.7835276516234
2016-06-09,2845.5198737172345,2891.81317141922,3021.7162104881004
2016-06-10,2845.5198737172345,2857.2062670434057,2994.0347694921356
2016-06-13,2845.5198737172345,2843.9704560131954,2970.6266557969548
2016-06-14,2845.5198737172345,2854.851402267094,2965.483632623264
2016-06-15,2845.5198737172345,2845.972423925998,2960.257517487194
2016-06-16,3038.0198737172345,3026.8992748774203,3162.5215616620253
2016-06-17,3038.0198737172345,2971.8022678405987,3152.229267449086
2016-06-20,3038.0198737172345,2984.7024375879078,3170.558858982531
2016-06-21,3038.0198737172345,2993.80089738173,3179.4418047147856
2016-06-22,3038.0198737172345,2990.0615749145227,3174.215143071089
2016-06-23,3038.0198737172345,3015.3124262942392,3216.680810419722
2016-06-24,3038.0198737172345,2913.8524231807555,3101.130357572785
2016-06-27,3038.0198737172345,2885.637123760668,3045.014182834585
2016-06-28,3038.0198737172345,2936.929378652597,3099.801621937676
2016-06-29,3038.0198737172345,2959.7088076598375,3152.9944996319578
2016-06-30,3038.0198737172345,2980.9487937601857,3195.7661025603816
2016-07-01,3038.0198737172345,3004.8402303018565,3202.5873256128866
2016-07-04,3038.0198737172345,3004.9196268535807,3202.5873256128866
2016-07-05,3116.6898874089534,3073.463166707894,3259.5453507408597
2016-07-06,3116.6898874089534,3098.1428704858413,3278.146740225849
2016-07-07,3116.6898874089534,3094.4279111181127,3275.6131360408735
2016-07-08,3116.6898874089534,3134.8046622542806,3325.590921527957
2016-07-11,3116.6898874089534,3165.8372338404783,3336.9299839475416
2016-07-12,3134.4198883270105,3191.1875376912135,3378.0644431510373
2016-07-13,3134.4198883270105,3176.1131048629522,3378.827623352146
2016-07-14,3134.4198883270105,3191.8554488163363,3396.672631743519
2016-07-15,3134.4198883270105,3183.3278371574597,3393.5283617217533
2016-07-18,3134.4198883270105,3226.338415771839,3401.7497649975517
2016-07-19,3134.4198883270105,3230.9351636733513,3396.946469225446
2016-07-20,3134.4198883270105,3248.5358949147844,3411.8793213186386
2016-07-21,3134.4198883270105,3237.8211156136044,3399.6092956861617
2016-07-22,3134.4198883270105,3246.5180557142216,3415.1066337720545
2016-07-25,3134.4198883270105,3237.0463147099917,3404.8442095603286
2016-07-26,3134.4198883270105,3229.740843482301,3406.0388053209804
2016-07-27,3134.4198883270105,3247.938151590017,3402.0900364247977
2016-07-28,3134.4198883270105,3276.0721757719493,3407.8475099908064
2016-07-29,3134.4198883270105,3331.2411412939837,3413.4555071798454
2016-08-01,3134.4198883270105,3360.1221118369617,3409.116641397427
2016-08-02,3134.4198883270105,3344.709846747771,3387.5219634033133
2016-08-03,3933.3397942172414,4138.176467441786,4198.097786016848
2016-08-04,3933.3397942172414,4142.987185985452,4200.054934164732
2016-08-05,3933.3397942172414,4183.079391547851,4236.27468223794
2016-08-08,3933.3397942172414,4179.663186819218,4232.821656543489
2016-08-09,3933.3397942172414,4189.947140249646,4234.635220458642
2016-08-10,3933.3397942172414,4193.413282436299,4224.071523336305
2016-08-11,3933.3397942172414,4197.298855278308,4244.635587106919
2016-08-12,3933.3397942172414,4193.557551886216,4241.469229584434
2016-08-15,3933.3397942172414,4184.496150829231,4253.825978588678
2016-08-16,3933.3397942172414,4162.391534657378,4231.274749060549
2016-08-17,3933.3397942172414,4175.996716468749,4240.229502306709
2016-08-18,3933.3397942172414,4167.417038800979,4249.676544350805
2016-08-19,3933.3397942172414,4150.622903217088,4244.133292439107
2016-08-22,3933.3397942172414,4143.937282359473,4241.817934149638
2016-08-23,3933.3397942172414,4147.864627206341,4250.20935692174
2016-08-24,3933.3397942172414,4130.235254793499,4228.169927637806
2016-08-25,3933.3397942172414,4127.7807250255555,4222.473085623502
2016-08-26,3933.3397942172414,4143.617338049942,4215.905732929921
2016-08-29,3933.3397942172414,4155.688936695352,4238.518498557793
2016-08-30,3933.3397942172414,4137.408178187667,4230.926044495345
2016-08-31,3933.3397942172414,4131.88229676106,4221.653604880598
2016-09-01,3933.3397942172414,4134.577048808582,4221.530532681114
2016-09-02,3933.3397942172414,4154.754875818361,4239.492069696796
2016-09-05,3933.3397942172414,4154.834272370085,4239.492069696796
2016-09-06,3933.3397942172414,4210.036715466378,4252.207028842626
2016-09-07,3933.3397942172414,4209.722920462767,4252.616769214075
2016-09-08,3933.3397942172414,4190.425549369289,4243.344329599329
2016-09-09,3933.3397942172414,4107.480891595328,4139.337064432137
2016-09-12,3933.3397942172414,4159.9961519872395,4200.321590596946
2016-09-13,3933.3397942172414,4116.048464287034,4139.306296382266
2016-09-14,3933.3397942172414,4125.446816137569,4137.1650402286505
2016-09-15,3933.3397942172414,4174.11606762122,4179.67572884009
2016-09-16,4731.309841940294,4971.4736815224605,4961.918049997438
2016-09-19,4731.309841940294,4954.577499165059,4961.881385624604
2016-09-20,4731.309841940294,4975.938265658355,4963.419798861979
2016-09-21,4731.309841940294,5010.815772729784,5017.666676018315
2016-09-22,4731.309841940294,5073.992478911459,5050.364142562442
2016-09-23,4731.309841940294,5060.038195300546,5021.4028650354185
2016-09-26,4731.309841940294,4999.945951336745,4978.693938117237
2016-09-27,4731.309841940294,5053.0746269531555,5011.0128375597415
2016-09-28,4731.309841940294,5067.827232685563,5038.667313375341
2016-09-29,4731.309841940294,5031.826611013581,4991.831408880823
2016-09-30,4731.309841940294,5050.432913467681,5031.622388273201
2016-10-03,4731.309841940294,5033.833418955748,5015.835245882598
2016-10-04,4731.309841940294,5042.377851785815,4991.465063236812
2016-10-05,4731.309841940294,5042.867302854728,5014.943973729962
2016-10-06,4731.309841940294,5052.2872751583145,5017.49617178042
2016-10-07,4731.309841940294,5040.030266973057,5001.330462288196
2016-10-10,4731.309841940294,5104.826420170754,5024.369996476
2016-10-11,4731.309841940294,5067.463232934935,4961.856942709381
2016-10-12,4731.309841940294,5079.776564059506,4967.961709828439
2016-10-13,4763.369843313585,5070.55875627551,4984.79645777692
2016-10-14,4763.369843313585,5071.766196566883,4985.816504997269
2016-10-17,4763.369843313585,5067.591632646025,4970.812210413709
2016-10-18,4763.369843313585,5134.79925219367,5001.435228024144
2016-10-19,4763.369843313585,5160.91415661742,5013.121669016572
2016-10-20,4763.369843313585,5131.737896926759,5006.5840663758
2016-10-21,4763.369843313585,5164.080270606157,5006.178747612655
2016-10-24,4881.019828158502,5354.4118809017045,5147.631534344418
2016-10-25,4881.019828158502,5318.495825976414,5128.23944775513
2016-10-26,4881.019828158502,5271.59731090733,5119.385897899388
2016-10-27,4881.019828158502,5242.409285604349,5104.282115195353
2016-10-28,4881.019828158502,5211.326042173741,5088.700592042727
2016-10-31,4881.019828158502,5183.848730583855,5088.109250073587
2016-11-01,4940.819831691552,5213.452549322142,5113.425972589916
2016-11-02,4940.819831691552,5120.495802142932,5080.710540355622
2016-11-03,4940.819831691552,5082.237209660421,5060.096413167691
2016-11-04,4940.819831691552,5061.050682165789,5051.77433888376
2016-11-07,4940.819831691552,5191.867542464674,5164.108983153517
2016-11-08,4940.819831691552,5241.2810928119225,5186.135700746445
2016-11-09,4940.819831691552,5197.274315042261,5243.931369617146
2016-11-10,4940.819831691552,5049.013426247621,5254.658606627156
2016-11-11,5059.839828334619,5136.838920203576,5366.336364072581
2016-11-14,5059.839828334619,5021.456916417206,5366.4926777722985
2016-11-15,5059.839828334619,5146.487624907743,5407.888485071212
2016-11-16,5059.839828334619,5176.083608571444,5400.848014368463
2016-11-17,5059.839828334619,5221.580602163658,5426.432627398741
2016-11-18,5059.839828334619,5182.238976421063,5414.34309711079
2016-11-21,5059.839828334619,5253.775476026905,5454.815001485354
2016-11-22,5059.839828334619,5259.211599878658,5466.8784794900175
2016-11-23,5059.839828334619,5225.4046944850625,5471.485285680897
2016-11-24,5059.839828334619,5225.431160002304,5471.485285680897
2016-11-25,5059.839828334619,5231.4788971046555,5492.996211195347
2016-11-28,5059.839828334619,5238.70688950048,5464.848307658312
2016-11-29,5059.839828334619,5252.958081905879,5473.43730066274
2016-11-30,5059.839828334619,5172.9447990458175,5460.085187767717
2016-12-01,5059.839828334619,5098.801359678816,5441.111500476735
2016-12-02,5059.839828334619,5096.9812985462,5443.271933724872
2016-12-05,5159.799827419091,5284.195463361871,5575.452888440659
2016-12-06,5159.799827419091,5287.362196473732,5594.627377401618
2016-12-07,5159.799827419091,5367.584623465307,5669.362916339138
2016-12-08,5159.799827419091,5390.86659164499,5682.163594240391
2016-12-09,5159.799827419091,5461.095145598092,5715.966597489128
2016-12-12,5159.799827419091,5435.296970386769,5709.778481665855
2016-12-13,5159.799827419091,5493.246877808618,5748.100284675123
2016-12-14,5159.799827419091,5497.604189215533,5701.814938216168
2016-12-15,5159.799827419091,5484.1938103415205,5724.221947738927
2016-12-16,5159.799827419091,5452.88979649994,5714.36327764282
2016-12-19,5159.799827419091,5478.4049171141,5725.785799259716
2016-12-20,5159.799827419091,5496.778781346208,5747.437734423865
2016-12-21,5159.799827419091,5484.525473267069,5733.511238712859
2016-12-22,5159.799827419091,5461.0487673549505,5723.546457053075
2016-12-23,5159.799827419091,5447.124212466947,5731.28483694081
2016-12-26,5159.799827419091,5447.124212466947,5731.28483694081
2016-12-27,5159.799827419091,5470.946668827912,5744.218154296661
2016-12-28,5159.799827419091,5441.036511304979,5697.203614348283
2016-12-29,5159.799827419091,5426.475527927509,5695.79893017301
2016-12-30,5159.799827419091,5359.584971895135,5669.654723139251
2017-01-02,5159.799827419091,5359.584971895135,5669.654723139251
2017-01-03,5913.4697950704585,6195.67798355212,6471.58474756875
2017-01-04,5913.4697950704585,6213.897503419946,6510.083471084843
2017-01-05,5913.4697950704585,6287.670917604712,6505.134555815844
2017-01-06,5913.4697950704585,6385.841685627015,6530.029986932276
2017-01-09,5913.4697950704585,6400.068143967569,6506.889157914767
2017-01-10,5913.4697950704585,6391.001385419233,6506.919182408114
2017-01-11,5913.4697950704585,6425.371191739715,6525.935671266554
2017-01-12,5913.4697950704585,6447.198142182197,6512.092915224845
2017-01-13,5913.4697950704585,6467.467892490734,6524.121020180939
2017-01-16,5913.4697950704585,6467.467892490734,6524.121020180939
2017-01-17,5913.4697950704585,6435.785761693971,6504.759615801385
2017-01-18,5913.4697950704585,6438.923234410005,6517.312050933951
2017-01-19,5913.4697950704585,6418.552560839747,6493.901001476332
2017-01-20,5913.4697950704585,6434.537320543042,6515.962413342836
2017-01-23,5913.4697950704585,6523.50143791639,6498.6104531032815
2017-01-24,6033.43980458904,6679.108505609536,6661.263575283718
2017-01-25,6033.43980458904,6757.300753895384,6714.732809549453
2017-01-26,6033.43980458904,6761.389504259772,6709.93773038169
2017-01-27,6033.43980458904,6710.494842616648,6704.469997806566
2017-01-30,6033.43980458904,6613.696220428526,6664.485898313874
2017-01-31,6033.43980458904,6580.678367467539,6658.590859305915
2017-02-01,6033.43980458904,6608.760630590997,6662.08835872999
2017-02-02,6033.43980458904,6627.293401999268,6666.288340980824
2017-02-03,6033.43980458904,6578.717957658694,6715.313737492174
2017-02-06,6033.43980458904,6584.597650112136,6701.140288866587
2017-02-07,6033.43980458904,6626.370835343384,6702.973306688416
2017-02-08,6033.43980458904,6650.652333022313,6709.754279452411
2017-02-09,6033.43980458904,6660.6822719713655,6749.6004178804005
2017-02-10,6033.43980458904,6690.268568289845,6774.067253403756
2017-02-13,6033.43980458904,6732.432335198266,6811.348061763765
2017-02-14,6033.43980458904,6745.441566493357,6840.595061745185
2017-02-15,6033.43980458904,6747.813694532152,6875.737846470054
2017-02-16,6033.43980458904,6770.770399441685,6870.499054688787
2017-02-17,6033.43980458904,6789.249865197551,6882.167577820668
2017-02-20,6033.43980458904,6789.249865197551,6882.167577820668
2017-02-21,6033.43980458904,6827.11208103721,6923.800498470427
2017-02-22,6033.43980458904,6842.938972482918,6916.9434606869745
2017-02-23,6033.43980458904,6829.46881749222,6920.6393257500295
2017-02-24,6033.43980458904,6805.509865606654,6932.643429850106
2017-02-27,6033.43980458904,6822.731151078014,6940.67649249321
2017-02-28,6033.43980458904,6791.867446983943,6922.991375469334
2017-03-01,6033.43980458904,6879.131430939277,7018.903399121408
2017-03-02,6033.43980458904,6833.120561312416,6978.339117421478
2017-03-03,6033.43980458904,6838.382602290056,6982.050642929717
2017-03-06,6057.209805046804,6846.1999130469985,6983.095100221313
2017-03-07,6057.209805046804,6860.240714902658,6963.218469782348
2017-03-08,6057.209805046804,6881.18221246475,6949.319120672543
2017-03-09,6057.209805046804,6903.836871848213,6954.958178271009
2017-03-10,6057.209805046804,6919.728992936693,6977.822701091963
2017-03-13,6102.209805046804,6985.439347567078,7027.665586014637
2017-03-14,6102.209805046804,6985.510373836692,7004.252307161097
2017-03-15,6102.209805046804,7002.659323068527,7063.139840159737
2017-03-16,6102.209805046804,7010.24390350689,7051.911798909541
2017-03-17,6102.209805046804,7015.0524744394,7042.672707752692
2017-03-20,6102.209805046804,7014.764765989634,7028.714661168002
2017-03-21,6102.209805046804,6899.354453632103,6942.126423007058
2017-03-22,6102.209805046804,6921.291804451396,6955.498553964099
2017-03-23,6102.209805046804,6877.117482795072,6948.203226605411
2017-03-24,6102.209805046804,6857.172272290466,6942.326748915743
2017-03-27,6102.209805046804,6875.985861208826,6935.262624767452
2017-03-28,6102.209805046804,6916.757405335737,6985.605429345356
2017-03-29,6102.209805046804,6994.040159162001,6994.612564186887
2017-03-30,6102.209805046804,6998.156609585115,7015.3575923093595
2017-03-31,6102.209805046804,7011.23741818353,6999.54841383165
2017-04-03,6160.649798984161,7114.236878669366,7046.837183220634
2017-04-04,6160.649798984161,7130.625833799486,7051.922903158042
2017-04-05,6160.649798984161,7118.873194050981,7031.097802688647
2017-04-06,6160.649798984161,7079.054172598644,7046.759724144391
2017-04-07,6160.649798984161,7056.743664298327,7040.958646855774
2017-04-10,6160.649798984161,7079.5130074130275,7046.199284945673
2017-04-11,6300.5698279386825,7195.712593695625,7177.005721998022
2017-04-12,6300.5698279386825,7186.265185542166,7150.119656416575
2017-04-13,6300.5698279386825,7154.386438291064,7101.439876500958
2017-04-14,6300.5698279386825,7154.462525247586,7101.439876500958
2017-04-17,6300.5698279386825,7264.418985053846,7162.634835702472
2017-04-18,6300.5698279386825,7261.954251026077,7142.030756579833
2017-04-19,6300.5698279386825,7266.02492596719,7130.768721676917
2017-04-20,6300.5698279386825,7304.6776172286745,7184.84135965106
2017-04-21,6300.5698279386825,7292.845477838398,7163.031380772982
2017-04-24,6300.5698279386825,7404.001334575397,7240.80223372267
2017-04-25,6300.5698279386825,7458.365088678878,7284.914000306512
2017-04-26,6300.5698279386825,7463.830280631178,7281.455848470906
2017-04-27,6300.5698279386825,7502.569980701333,7286.229879358847
2017-04-28,6300.5698279386825,7656.577275378168,7272.350801890983
2017-05-01,6300.5698279386825,7754.222338148512,7284.976734975869
2017-05-02,6300.5698279386825,7772.825727837715,7293.637991857742
2017-05-03,6300.5698279386825,7791.363721224683,7285.833334288338
2017-05-04,6300.5698279386825,7803.277441062975,7290.465631293656
2017-05-05,6300.5698279386825,7792.415910528148,7320.364510008473
2017-05-08,6300.5698279386825,7866.381218122652,7321.379882249567
2017-05-09,6300.5698279386825,7869.249806067959,7314.210316394655
2017-05-10,6300.5698279386825,7844.699023417542,7325.281823783224
2017-05-11,6300.5698279386825,7842.356959444899,7311.799291385869
2017-05-12,6300.5698279386825,7875.608048072346,7301.124329067809
2017-05-15,6300.5698279386825,7885.643985667857,7336.89238462702
2017-05-16,6300.5698279386825,7920.884351889599,7333.323478992425
2017-05-17,6300.5698279386825,7736.38069882208,7202.17858895453
2017-05-18,6300.5698279386825,7817.97638167769,7228.874127021631
2017-05-19,6300.5698279386825,7844.052892420168,7277.950452007761
2017-05-22,6300.5698279386825,7911.153481976602,7315.653988291982
2017-05-23,6300.5698279386825,7937.673900066249,7329.263539032237
2017-05-24,6300.5698279386825,7996.503740983336,7347.774139003329
2017-05-25,6300.5698279386825,8092.675311394732,7381.4324508670925
2017-05-26,6300.5698279386825,8106.897428648538,7384.700075188348
2017-05-29,6300.5698279386825,8107.125689518103,7384.700075188348
2017-05-30,6300.5698279386825,8122.6345562179795,7376.943436748578
2017-05-31,6453.329789533132,8226.056831787091,7527.451146262862
2017-06-01,6453.329789533132,8239.871622876033,7585.3641153232575
2017-06-02,6453.329789533132,8312.659923548494,7613.61661936083
2017-06-05,6453.329789533132,8345.18321079121,7604.614681270396
2017-06-06,6453.329789533132,8295.694299959938,7583.502381398344
2017-06-07,6453.329789533132,8335.198287490774,7596.989082357575
2017-06-08,6453.329789533132,8344.295670126712,7599.22316306747
2017-06-09,6453.329789533132,8092.837899795226,7592.941490979423
2017-06-12,6453.329789533132,8014.55835169268,7586.060585636569
2017-06-13,6453.329789533132,8096.668242700339,7622.229609217268
2017-06-14,6453.329789533132,8067.341841662776,7615.186642110244
2017-06-15,6453.329789533132,8003.858706578363,7599.530685146786
2017-06-16,6453.329789533132,8038.786077508934,7601.748954952859
2017-06-19,6453.329789533132,8151.482913450294,7665.296139589834
2017-06-20,6496.929789533132,8148.066001738652,7657.637189402465
2017-06-21,6496.929789533132,8221.925142951439,7653.8598020318295
2017-06-22,6496.929789533132,8208.961281051968,7650.44019708948
2017-06-23,6496.929789533132,8266.318615571994,7662.375818897095
2017-06-26,6496.929789533132,8183.542869886583,7664.883476183345
2017-06-27,6496.929789533132,8025.192189979746,7603.007787963537
2017-06-28,6496.929789533132,8132.415096589907,7671.494500386005
2017-06-29,6496.929789533132,7983.036737814162,7605.759532373088
2017-06-30,6496.929789533132,7938.957840351996,7617.80884948569
2017-07-03,6496.929789533132,7857.605487438848,7636.127309813923
2017-07-04,6496.929789533132,7857.582299033052,7636.127309813923
2017-07-05,6496.929789533132,7952.764196493108,7648.714095641016
2017-07-06,6496.929789533132,7900.900514160854,7579.804404881109
2017-07-07,6496.929789533132,8000.089868008309,7628.425446741023
2017-07-10,6496.929789533132,8091.0509109482855,7635.541341703597
2017-07-11,6496.929789533132,8104.530022899526,7629.6633739428935
2017-07-12,6557.949789533132,8268.464852916313,7747.087376226117
2017-07-13,6557.949789533132,8273.728769348862,7761.809604852601
2017-07-14,6557.949789533132,8322.333071852305,7798.2124808723165
2017-07-17,6557.949789533132,8336.01836333756,7798.048197117026
2017-07-18,6557.949789533132,8426.3476456195,7802.8733312175145
2017-07-19,6557.949789533132,8467.307139274082,7845.512578864865
2017-07-20,6557.949789533132,8470.8761399729,7844.839416160262
2017-07-21,6557.949789533132,8466.852763490795,7841.934398536234
2017-07-24,6557.949789533132,8524.324238066074,7833.777910432138
2017-07-25,8574.859575050185,10427.052986631103,9873.566412679771
2017-07-26,8574.859575050185,10459.846142302682,9876.392364193347
2017-07-27,8574.859575050185,10404.72854034072,9867.831926607676
2017-07-28,8574.859575050185,10372.300934488801,9854.962064030347
2017-07-31,8574.859575050185,10243.071755235376,9847.825680414811
2017-08-01,8574.859575050185,10271.484759800363,9871.978199730054
2017-08-02,8574.859575050185,10290.448821169744,9878.72281743726
2017-08-03,8574.859575050185,10240.380793595212,9859.025754107784
2017-08-04,8592.369575537512,10290.965134661918,9895.345553746589
2017-08-07,8592.369575537512,10328.251465703523,9911.91666338389
2017-08-08,8592.369575537512,10326.993933299222,9889.168086208736
2017-08-09,8592.369575537512,10138.455387754335,9886.729585630754
2017-08-10,8592.369575537512,9914.194678550648,9747.177133438923
2017-08-11,8592.369575537512,9982.283043958401,9760.256455529518
2017-08-14,8592.369575537512,10093.453916540184,9858.815463168357
2017-08-15,8592.369575537512,10084.751939713606,9856.170138999778
2017-08-16,8617.35957530863,10119.13428816332,9897.958249910074
2017-08-17,8617.35957530863,9939.605229090952,9745.603651850033
2017-08-18,8617.35957530863,9925.227308020134,9727.976114606518
2017-08-21,8617.35957530863,9886.913140806844,9739.575414417663
2017-08-22,8617.35957530863,10039.991797129574,9836.747365189916
2017-08-23,8617.35957530863,10017.580673146578,9803.665895105934
2017-08-24,8617.35957530863,9980.370175000526,9783.510746227606
2017-08-25,8617.35957530863,9917.442430282847,9800.97341724604
2017-08-28,8617.35957530863,9917.114988536336,9806.173277756077
2017-08-29,8617.35957530863,9991.920155094187,9815.805308807832
2017-08-30,8617.35957530863,10071.966190449552,9863.655960601116
2017-08-31,8617.35957530863,10191.342723923206,9920.537842601389
2017-09-01,8617.35957530863,10172.835069234325,9940.85886915403
2017-09-04,8617.35957530863,10172.87565746962,9940.85886915403
2017-09-05,8617.35957530863,10082.661833760692,9865.78910703482
2017-09-06,8617.35957530863,10092.115841743245,9896.736419235864
2017-09-07,8617.35957530863,10141.378519534292,9897.234052258804
2017-09-08,8617.35957530863,10051.049651900572,9882.920022704624
2017-09-11,8617.35957530863,10142.37209510523,9990.179156683766
2017-09-12,8617.35957530863,10162.096030646553,10024.379289620123
2017-09-13,8617.35957530863,10211.077311036588,10032.105750315744
2017-09-14,8617.35957530863,10113.399992074514,10024.337820201548
2017-09-15,8617.35957530863,10094.010287659154,10044.11974431267
2017-09-18,8665.44956922702,10094.85995169075,10107.207507467165
2017-09-19,8665.44956922702,10132.74598892654,10118.529935379567
2017-09-20,8665.44956922702,10178.83188876175,10124.960985000758
2017-09-21,8667.75028979352,10144.193301668929,10096.74978983132
2017-09-22,8667.75028979352,10096.321015388143,10103.515722571961
2017-09-25,8667.75028979352,9956.132958546326,10081.05274455172
2017-09-26,8667.75028979352,9975.620849777359,10082.572436475888
2017-09-27,8667.75028979352,10106.853526567202,10123.771843624065
2017-09-28,8667.75028979352,10127.861961929722,10138.09455881572
2017-09-29,8667.75028979352,10208.693408084926,10175.900834430198
2017-10-02,8667.75028979352,10205.080793068537,10215.35081696199
2017-10-03,8667.75028979352,10238.983426150895,10237.855472152061
2017-10-04,8667.75028979352,10246.76833805658,10251.303983293692
2017-10-05,8667.75028979352,10395.440996974025,10310.969426224097
2017-10-06,8667.75028979352,10460.304573365036,10303.14123391104
2017-10-09,8667.75028979352,10468.879004764205,10284.55118313567
2017-10-10,8667.75028979352,10428.611571153411,10308.72089208613
2017-10-11,8667.75028979352,10527.82574287018,10327.498998383893
2017-10-12,8667.75028979352,10534.534816092493,10310.969426224097
2017-10-13,8667.75028979352,10567.701568500333,10320.170932108756
2017-10-16,8667.75028979352,10602.392159071318,10338.448912368598
2017-10-17,8667.75028979352,10621.588878520219,10345.381553788546
2017-10-18,8667.75028979352,10608.33314952216,10353.50046977405
2017-10-19,8667.75028979352,10512.065049795252,10357.747475031023
2017-10-20,8667.75028979352,10543.432495932484,10411.437834931154
2017-10-23,8667.75028979352,10403.617830825884,10370.343128965715
2017-10-24,8667.75028979352,10437.508086846734,10387.393157490173
2017-10-25,8667.75028979352,10430.874653756207,10338.949038406518
2017-10-26,8667.75028979352,10451.283709413106,10352.08547903262
2017-10-27,8667.75028979352,10892.533327348885,10435.670567894524
2017-10-30,8667.75028979352,10921.059895143515,10403.193887436168
2017-10-31,8667.75028979352,10954.227468188446,10413.352951710507
2017-11-01,8667.75028979352,10992.697844698587,10429.925217556465
2017-11-02,8667.75028979352,10961.41058328807,10433.02660890137
2017-11-03,8667.75028979352,11030.36379513883,10466.357163083005
2017-11-06,8719.81029116681,11097.18051346365,10532.593501295387
2017-11-07,8719.81029116681,10888.414359234705,10530.668871547809
2017-11-08,8719.81029116681,10952.412078178668,10546.067952659794
2017-11-09,8719.81029116681,10942.545700283983,10508.972859563175
2017-11-10,8719.81029116681,10916.868899435118,10503.324622899507
2017-11-13,8719.81029116681,10935.623390321802,10513.889655197514
2017-11-14,8719.81029116681,10932.588472212397,10491.23132833909
2017-11-15,8719.81029116681,10888.272771293252,10435.642831675385
2017-11-16,8719.81029116681,10987.959159734142,10524.601792953934
2017-11-17,8719.81029116681,10932.678982239977,10497.341312691671
2017-11-20,8786.280292387513,10989.633631324672,10577.535027303538
2017-11-21,8786.280292387513,11128.315759599658,10646.887708744956
2017-11-22,8786.280292387513,11163.056719241698,10639.8344232306
2017-11-23,8786.280292387513,11163.113891000401,10639.8344232306
2017-11-24,8786.280292387513,11251.147724551543,10662.21454648487
2017-11-27,8786.280292387513,11326.607254589544,10659.309345367894
2017-11-28,8786.280292387513,11277.310444005752,10764.705641941055
2017-11-29,8786.280292387513,11033.7336831436,10762.116044767074
2017-11-30,8786.280292387513,11087.763037844868,10854.247723501474
2017-12-01,8786.280292387513,10997.507857587658,10832.70955343715
2017-12-04,8810.32029330304,10876.85051098367,10845.591361527602
2017-12-05,8810.32029330304,10924.086667589598,10805.52055958169
2017-12-06,8810.32029330304,11005.15246864171,10804.550007914688
2017-12-07,8810.32029330304,11088.309908415331,10838.121616744414
2017-12-08,8810.32029330304,11107.168972426409,10898.933581756592
2017-12-11,8982.9903241382,11330.287342864569,11106.54656353271
2017-12-12,8982.9903241382,11305.089427290333,11124.14376784344
2017-12-13,8982.9903241382,11341.927379880912,11119.257283548992
2017-12-14,8982.9903241382,11412.33256568071,11075.896407386399
2017-12-15,8982.9903241382,11505.275414078964,11175.885660547032
2017-12-18,8982.9903241382,11617.753208990114,11236.285913620712
2017-12-19,8982.9903241382,11574.023416526863,11200.170514170566
2017-12-20,8982.9903241382,11502.42439964053,11192.368256638963
2017-12-21,8982.9903241382,11491.72679121829,11214.595533024789
2017-12-22,8982.9903241382,11463.343880264432,11209.515431340225
2017-12-25,8982.9903241382,11463.354950521867,11209.515431340225
2017-12-26,8982.9903241382,11422.568526708796,11198.197709952314
2017-12-27,8982.9903241382,11419.427876385753,11207.84299572178
2017-12-28,8982.9903241382,11418.058861454121,11230.520301717072
2017-12-29,8982.9903241382,11326.650083984545,11173.012797109837
2018-01-01,8982.9903241382,11326.51316300362,11173.012797109837
2018-01-02,8982.9903241382,11549.353046134505,11266.29346934792
2018-01-03,8982.9903241382,11717.069296921356,11338.39763200926
2018-01-04,8982.9903241382,11735.086987215735,11386.431490046923
2018-01-05,8982.9903241382,11877.417480572767,11466.508502859282
2018-01-08,8982.9903241382,11954.729481173474,11485.77814278846
2018-01-09,8982.9903241382,11970.322820188545,11504.16760852795
2018-01-10,8982.9903241382,11968.100761507689,11491.457935092154
2018-01-11,8982.9903241382,12056.733266301728,11573.185405332722
2018-01-12,8982.9903241382,12198.72161858327,11651.333570307283
2018-01-15,8982.9903241382,12198.602006264508,11651.333570307283
2018-01-16,8982.9903241382,12178.10074389548,11610.48030099187
2018-01-17,8982.9903241382,12246.50750313203,11719.772608102672
2018-01-18,8982.9903241382,12214.66882255235,11701.87503519213
2018-01-19,8982.9903241382,12233.09506171589,11753.46622030557
2018-01-22,10310.300352214372,13734.200557041864,13175.772266038246
2018-01-23,10310.300352214372,13951.792585765874,13204.945802982142
2018-01-24,10310.300352214372,13881.011307944538,13197.556694351008
2018-01-25,10310.300352214372,13969.57366195774,13205.541680068172
2018-01-26,10310.300352214372,14091.376499313927,13362.138643803335
2018-01-29,10310.300352214372,14070.553924407292,13272.971224228044
2018-01-30,10310.300352214372,14074.291522469392,13129.221696337761
2018-01-31,10310.300352214372,14131.394758845287,13136.014927882881
2018-02-01,10310.300352214372,13955.631984428264,13130.032880574003
2018-02-02,10310.300352214372,13713.343124588591,12852.377434937112
2018-02-05,10310.300352214372,13237.66695645051,12325.740800783202
2018-02-06,10310.300352214372,13586.808925336234,12542.068623279754
2018-02-07,10310.300352214372,13378.567012610643,12479.66795585561
2018-02-08,10310.300352214372,12815.009998271846,12013.025204333086
2018-02-09,10310.300352214372,12942.79893913875,12196.388920219402
2018-02-12,10310.300352214372,13182.871050233956,12366.523466502596
2018-02-13,10310.300352214372,13275.307805951623,12399.53528983262
2018-02-14,10310.300352214372,13533.526803687868,12569.264825908916
2018-02-15,10310.300352214372,13736.303858949072,12724.002001395133
2018-02-16,10310.300352214372,13717.328386289237,12729.888615264452
2018-02-19,10310.300352214372,13717.19146530831,12729.888615264452
2018-02-20,11413.890440830988,14911.437917009402,13759.99611924386
2018-02-21,11413.890440830988,14987.794778066273,13684.63971659797
2018-02-22,11413.890440830988,14979.45086980408,13699.09960257818
2018-02-23,11413.890440830988,15194.250601280934,13919.54453739877
2018-02-26,11413.890440830988,15379.55100446598,14084.92347310677
2018-02-27,11413.890440830988,15180.649851491824,13907.96068579317
2018-02-28,11413.890440830988,15224.360257158736,13755.071558845286
2018-03-01,11413.890440830988,14970.629014243586,13573.911760523946
2018-03-02,11413.890440830988,15082.182276446254,13644.033603465596
2018-03-05,11413.890440830988,15275.65967566242,13794.64138858444
2018-03-06,11413.890440830988,15364.055496597446,13831.775509493353
2018-03-07,11413.890440830988,15500.067078713644,13826.023440744137
2018-03-08,11413.890440830988,15628.55603691458,13891.480110461329
2018-03-09,11413.890440830988,15928.169229240266,14133.251732208455
2018-03-12,11413.890440830988,16061.100112226035,14115.29454793902
2018-03-13,11413.890440830988,15825.69601624532,14026.281726901074
2018-03-14,11413.890440830988,15906.235207121068,13949.889040861954
2018-03-15,11413.890440830988,15882.21843722598,13939.834940932073
2018-03-16,11413.890440830988,15752.898955176164,13964.064233602265
2018-03-19,11413.890440830988,15394.367047712298,13765.800065427904
2018-03-20,11413.890440830988,15476.096095705248,13786.453611004987
2018-03-21,11413.890440830988,15437.670919306203,13762.509011574686
2018-03-22,11453.240443140628,15078.086609799246,13456.07060470503
2018-03-23,11453.240443140628,14699.24413241936,13174.110854059172
2018-03-26,11483.690443903568,15173.936399238368,13562.33152011496
2018-03-27,11483.690443903568,14620.98073676635,13328.05690111933
2018-03-28,11483.690443903568,14376.305778110735,13291.433407501201
2018-03-29,11483.690443903568,14661.377152860203,13475.071070378795
2018-03-30,11483.690443903568,14661.334249146435,13475.071070378795
2018-04-02,11483.690443903568,14216.033825385763,13174.21787800487
2018-04-03,11483.690443903568,14365.409124472673,13340.951118111885
2018-04-04,11483.690443903568,14509.364647361583,13496.222266727797
2018-04-05,11627.680449396732,14839.981188498521,13734.792333201165
2018-04-06,11627.680449396732,14478.267502516941,13433.989485749224
2018-04-09,11627.680449396732,14562.42147063202,13482.819739673801
2018-04-10,11627.680449396732,14839.607274962738,13708.757671625955
2018-04-11,11627.680449396732,14751.38757740046,13633.629260415331
2018-04-12,11627.680449396732,14892.25895104302,13747.769175623454
2018-04-13,11627.680449396732,14824.602846948,13708.336078488626
2018-04-16,11627.680449396732,14919.792158215962,13819.87059952183
2018-04-17,11627.680449396732,15392.541984242245,13967.17884067161
2018-04-18,11627.680449396732,15459.218412106007,13978.813782986042
2018-04-19,11627.680449396732,15565.350538113758,13900.50028703667
2018-04-20,11627.680449396732,15337.084356954207,13782.517190485183
2018-04-23,11627.680449396732,15287.026412590616,13783.280685374133
2018-04-24,11627.680449396732,14732.136427302905,13599.171733507985
2018-04-25,11627.680449396732,14744.368106964723,13624.152412239868
2018-04-26,11627.680449396732,15128.40775008576,13766.353977979215
2018-04-27,11627.680449396732,15257.02269741608,13782.464491343018
2018-04-30,11627.680449396732,15218.399180057553,13670.088069380077
2018-05-01,11627.680449396732,15416.598127548055,13705.019888566922
2018-05-02,11627.680449396732,15314.542095087672,13606.25269873227
2018-05-03,11627.680449396732,15313.362486624426,13577.05994466186
2018-05-04,11722.840453058841,15640.341038285911,13848.615545259821
2018-05-07,11722.840453058841,15784.783028448606,13896.750853062245
2018-05-08,11722.840453058841,15734.726495801218,13893.198169153939
2018-05-09,11722.840453058841,15982.462219579455,14029.359795112792
2018-05-10,11722.840453058841,16012.24603573047,14164.011045071275
2018-05-11,11722.840453058841,15976.253304691469,14193.140464642933
2018-05-14,11722.840453058841,15982.978336503198,14206.314515463562
2018-05-15,11722.840453058841,15765.855564318175,14109.752696259684
2018-05-16,11722.840453058841,15822.341271849506,14170.981812113214
2018-05-17,11722.840453058841,15790.423673943036,14162.923884968186
2018-05-18,11722.840453058841,15675.087628073183,14126.796519352012
2018-05-21,11780.03044366142,15860.928818551209,14288.764153366092
2018-05-22,11780.03044366142,15801.646390601036,14244.215480934852
2018-05-23,11780.03044366142,15954.115578410074,14290.89393413542
2018-05-24,11780.03044366142,15953.826943015116,14262.49729035746
2018-05-25,11780.03044366142,15988.984838817263,14230.536284986903
2018-05-28,11780.03044366142,15988.85913137105,14230.536284986903
2018-05-29,11780.03044366142,15865.809335526528,14066.576951166731
2018-05-30,11780.03044366142,15991.911927658484,14247.7005767392
2018-05-31,11780.03044366142,16140.45236448634,14152.80123606523
2018-06-01,11780.03044366142,16411.487355192003,14307.65929806821
2018-06-04,11780.03044366142,16590.922645355717,14372.088090078412
2018-06-05,11780.03044366142,16705.96515309775,14383.052757638861
2018-06-06,11780.03044366142,16712.842404789957,14506.720381688136
2018-06-07,11780.03044366142,16579.001634319364,14498.977023784288
2018-06-08,11780.03044366142,16574.241789099025,14544.856321906665
2018-06-11,11780.03044366142,16626.024382487292,14560.478179386135
2018-06-12,11780.03044366142,16715.587304378532,14586.504646151741
2018-06-13,11780.03044366142,16686.503284361166,14528.330054777765
2018-06-14,11780.03044366142,16888.548935832056,14568.675041553866
2018-06-15,11780.03044366142,16862.0073459558,14555.368784642398
2018-06-18,11780.03044366142,17022.426466266308,14524.657839735586
2018-06-19,11780.03044366142,16989.093234116997,14466.908164964154
2018-06-20,11780.03044366142,17101.503881137614,14491.658582482976
2018-06-21,11780.03044366142,16930.88863216135,14401.09547025759
2018-06-22,11780.03044366142,16859.69181876805,14428.320019920891
2018-06-25,11780.03044366142,16420.866575396132,14230.32317696605
2018-06-26,11780.03044366142,16494.784178686863,14261.672146496248
2018-06-27,11780.03044366142,16247.637312930865,14138.936220318607
2018-06-28,11780.03044366142,16456.8185296012,14228.22068441891
2018-06-29,11780.03044366142,16462.637971577737,14239.90394183014
2018-07-02,11780.03044366142,16631.046913192396,14284.24080567969
2018-07-03,11780.03044366142,16402.208112224944,14213.557813033261
2018-07-04,11780.03044366142,16402.091727131214,14213.557813033261
2018-07-05,11780.03044366142,16610.554801054874,14339.567026433557
2018-07-06,11780.03044366142,16782.109201214633,14462.197698039927
2018-07-09,11780.03044366142,16951.369588370162,14594.010206690868
2018-07-10,11780.03044366142,16943.885724071406,14644.998899557
2018-07-11,11780.03044366142,16985.129219139475,14541.10354163711
2018-07-12,11780.03044366142,17326.351365799343,14669.77530585885
2018-07-13,11780.03044366142,17376.54156721607,14685.66354836437
2018-07-16,12090.130426876753,17654.99832235995,14981.365745780968
2018-07-17,12090.130426876753,17850.299852545908,15041.124231062078
2018-07-18,12090.130426876753,17829.112734224484,15073.597572617382
2018-07-19,12090.130426876753,17653.402157381086,15015.578659549694
2018-07-20,12090.130426876753,17649.612474964302,15001.964616140329
2018-07-23,12090.130426876753,17672.904135565914,15029.574851545985
2018-07-24,12090.130426876753,18026.02375698729,15102.15919877592
2018-07-25,12090.130426876753,18312.49104637029,15239.719421022412
2018-07-26,12090.130426876753,18050.55503223632,15193.52190295804
2018-07-27,12090.130426876753,17857.881306728246,15093.843486295753
2018-07-30,12090.130426876753,17507.52625635011,15008.242202823532
2018-07-31,12090.130426876753,17515.17266730452,15082.022091292438
2018-08-01,12090.130426876753,17656.148866032192,15066.342057084983
2018-08-02,12090.130426876753,17937.976470985213,15142.133533254537
2018-08-03,12090.130426876753,17892.21992812306,15214.500268094693
2018-08-06,12092.324392768785,18069.85870188862,15271.967780990673
2018-08-07,12092.324392768785,18225.914499774768,15315.264270563312
2018-08-08,12092.324392768785,18285.649632001332,15311.703673428496
2018-08-09,12092.324392768785,18232.84938992552,15293.57554936529
2018-08-10,12092.324392768785,18069.05158747139,15189.372013388478
2018-08-13,12092.324392768785,18039.84420407151,15128.762236368657
2018-08-14,12092.324392768785,18155.068990472315,15226.743021706196
2018-08-15,12092.324392768785,17912.30063118959,15113.787291132256
2018-08-16,12092.324392768785,17843.575331023312,15238.022006070263
2018-08-17,12092.324392768785,17787.594313156067,15289.933999407052
2018-08-20,12111.74439284508,17824.231169583112,15347.05014619019
2018-08-21,12111.74439284508,17881.91135987799,15379.32613676306
2018-08-22,12111.74439284508,17996.508581147624,15373.665547226612
2018-08-23,12111.74439284508,17967.255739541815,15348.602157593612
2018-08-24,12111.74439284508,18092.405207957792,15443.903364669648
2018-08-27,12111.74439284508,18313.92319609313,15564.131097359374
2018-08-28,12111.74439284508,18278.449755949117,15568.45892367868
2018-08-29,12111.74439284508,18602.86519643552,15658.56195557476
2018-08-30,12111.74439284508,18574.89822650684,15591.753711275756
2018-08-31,12111.74439284508,18512.31316535146,15595.426450590016
2018-09-03,12111.74439284508,18512.10124351402,15595.426450590016
2018-09-04,12111.74439284508,18436.240285757343,15571.097874575247
2018-09-05,12111.74439284508,18136.656902061644,15527.556513558706
2018-09-06,12111.74439284508,17927.964861419576,15475.416637309672
2018-09-07,12111.74439284508,17851.650925509566,15442.433737433192
2018-09-10,12111.74439284508,17802.44694874142,15471.71466490391
2018-09-11,12111.74439284508,18066.38163926419,15530.63263205093
2018-09-12,12111.74439284508,17964.03090181648,15536.319797125117
2018-09-13,12111.74439284508,18069.68173084908,15622.504265982945
2018-09-14,12111.74439284508,18012.43696686709,15629.14416408473
2018-09-17,12111.74439284508,17645.80486984711,15542.333841313377
2018-09-18,12111.74439284508,17802.373918624777,15626.396253483472
2018-09-19,12111.74439284508,17813.31308542721,15646.016972989397
2018-09-20,12111.74439284508,18012.789861692712,15769.375304023699
2018-09-21,12111.74439284508,17808.141298999173,15763.932633896628
2018-09-24,12274.90438029259,18109.526112693413,15871.685282731227
2018-09-25,12274.90438029259,18322.82015515648,15852.13599698398
2018-09-26,12274.90438029259,18349.029151755203,15799.948627553213
2018-09-27,12274.90438029259,18576.77546597602,15846.554898099877
2018-09-28,12274.90438029259,18504.089422986104,15847.104012712245
2018-10-01,12550.394370526965,18835.40917987584,16180.41885955909
2018-10-02,12550.394370526965,18681.85870326869,16174.600409371653
2018-10-03,12550.394370526965,18657.258836877827,16186.096628908652
2018-10-04,12550.394370526965,18218.318865557812,16057.648194770894
2018-10-05,12550.394370526965,18017.875627207566,15969.087558584724
2018-10-08,12550.394370526965,17829.069016096062,15962.822480882907
2018-10-09,12550.394370526965,17789.814137621517,15944.835821136829
2018-10-10,12550.394370526965,16901.16118421277,15420.943112593814
2018-10-11,12550.394370526965,16761.104516326053,15103.737871542235
2018-10-12,12550.394370526965,17256.732895067093,15319.93563684002
2018-10-15,12550.394370526965,17034.757194598875,15229.80838977005
2018-10-16,12550.394370526965,17528.051182724776,15557.615229496487
2018-10-17,12550.394370526965,17540.49223006194,15554.315376056855
2018-10-18,12550.394370526965,17070.482092144503,15331.963165560805
2018-10-19,12550.394370526965,17081.577503801815,15326.844022062563
2018-10-22,12550.394370526965,17242.528040233734,15261.333189952244
2018-10-23,12550.394370526965,17240.74386036238,15177.976378933705
2018-10-24,12550.394370526965,16382.12702077743,14709.524213009947
2018-10-25,12550.394370526965,17163.246576745147,14983.457121000924
2018-10-26,12550.394370526965,16545.089599843057,14723.875024305573
2018-10-29,12631.544379767322,16010.854012022071,14708.63134294076
2018-10-30,12631.544379767322,16147.156655469633,14940.373800234878
2018-10-31,12631.544379767322,16711.351382829096,15103.007603671873
2018-11-01,12631.544379767322,16950.870069712357,15262.883598389593
2018-11-02,12631.544379767322,16763.396299779306,15167.811988342646
2018-11-05,12631.544379767322,16529.681954974352,15253.179078264899
2018-11-06,12631.544379767322,16745.78200857818,15349.853458618309
2018-11-07,12631.544379767322,17427.81547277021,15675.59763901101
2018-11-08,12631.544379767322,17288.65452212763,15644.488512865466
2018-11-09,12631.544379767322,16974.177200617305,15503.26068886004
2018-11-12,12925.614375647448,16732.919645492766,15491.866286991288
2018-11-13,12925.614375647448,16726.62224870187,15469.445518427094
2018-11-14,12925.614375647448,16612.161899525105,15356.392485404027
2018-11-15,12925.614375647448,16826.040295237963,15524.093954324895
2018-11-16,12925.614375647448,16687.044568446745,15559.731986455408
2018-11-19,12925.614375647448,15986.302312781956,15301.228854824265
2018-11-20,12925.614375647448,15837.800519986522,15024.632309960305
2018-11-21,12925.614375647448,16002.707998538875,15071.596225180685
2018-11-22,12925.614375647448,16002.586981386192,15071.596225180685
2018-11-23,12925.614375647448,15834.969413202014,14973.597236763979
2018-11-26,13187.044372137927,16611.101108635004,15469.389014081919
2018-11-27,13187.044372137927,16627.629239851703,15519.989845885953
2018-11-28,13187.044372137927,17314.4499475488,15877.547886398088
2018-11-29,13187.044372137927,17316.408138635266,15846.546279205502
2018-11-30,13187.044372137927,17486.289700070745,15979.011575533184
2018-12-03,13187.044372137927,17871.937515535818,16153.85238059903
2018-12-04,13187.044372137927,17076.162352852778,15631.953068775356
2018-12-05,13187.044372137927,17076.070223428418,15631.953068775356
2018-12-06,13187.044372137927,17302.999955951025,15613.054477638343
2018-12-07,13187.044372137927,16738.520054470922,15251.44216171615
2018-12-10,13187.044372137927,16857.613065233058,15278.449303673302
2018-12-11,13187.044372137927,16920.48225300724,15273.782685998978
2018-12-12,13187.044372137927,17088.917408405432,15356.696676682524
2018-12-13,13187.044372137927,17077.43669517937,15356.493037278366
2018-12-14,13187.044372137927,16629.6921772164,15065.25593614028
2018-12-17,13225.304374778929,16147.957542649378,14791.396542380358
2018-12-18,13225.304374778929,16395.7994262928,14793.618113347924
2018-12-19,13225.304374778929,16055.843139058648,14567.240602851403
2018-12-20,13225.304374778929,15769.703645150066,14337.821995850441
2018-12-21,13225.304374778929,15130.322452210397,14042.641461622074
2018-12-24,13225.304374778929,14865.550843695804,13662.95842142579
2018-12-25,13225.304374778929,14865.487533460098,13662.95842142579
2018-12-26,13225.304374778929,15927.24121479204,14340.834537458124
2018-12-27,13225.304374778929,15948.238569817762,14464.958390418822
2018-12-28,13225.304374778929,15972.667864064437,14449.37312776979
2018-12-31,13225.304374778929,16084.824396903454,14573.966708782109
2019-01-01,13225.304374778929,16084.859602382907,14573.966708782109
2019-01-02,13225.304374778929,16241.309607598125,14592.504547755636
2019-01-03,13225.304374778929,15750.949334365043,14235.012945572733
2019-01-04,13225.304374778929,16511.87408191372,14723.76426941548
2019-01-07,13225.304374778929,16738.05857546713,14827.01020961354
2019-01-08,13225.304374778929,16910.636371101315,14971.106785109721
2019-01-09,13225.304374778929,16916.303123682053,15037.248492463985
2019-01-10,13225.304374778929,16945.968353170236,15105.173453120608
2019-01-11,13225.304374778929,16831.01829854176,15103.008991946554
2019-01-14,13225.304374778929,16684.862317259624,15025.318256599629
2019-01-15,13225.304374778929,17150.57576049238,15186.723382764016
2019-01-16,13225.304374778929,17173.77562402233,15220.847912131418
2019-01-17,13225.304374778929,17315.500679238074,15337.895861676148
2019-01-18,13225.304374778929,17361.004611551583,15540.529975520656
2019-01-21,13225.304374778929,17361.164250042973,15540.529975520656
2019-01-22,13335.904365287985,16991.464087413333,15431.74126651405
2019-01-23,13335.904365287985,17062.695214370706,15465.728173717245
2019-01-24,13335.904365287985,17172.968168934094,15487.521842950744
2019-01-25,13335.904365287985,17414.996480253816,15619.522020622273
2019-01-28,13335.904365287985,17175.56259709617,15496.91663286182
2019-01-29,13335.904365287985,16927.012142756594,15474.622521735007
2019-01-30,13335.904365287985,17464.92986308978,15716.97732714058
2019-01-31,13335.904365287985,17839.13107034463,15855.486125528092
2019-02-01,13335.904365287985,17530.075756487477,15871.86121702013
2019-02-04,13374.434364067281,17818.376170100728,16018.211996935692
2019-02-05,13374.434364067281,18051.958606186363,16093.78938758062
2019-02-06,13374.434364067281,17834.009667075003,16059.543224778508
2019-02-07,13374.434364067281,17564.388208579378,15911.607355032073
2019-02-08,13374.434364067281,17494.076605479437,15927.638485920741
2019-02-11,13374.434364067281,17489.008208122228,15939.092794529808
2019-02-12,13374.434364067281,17847.58530550634,16145.689831471984
2019-02-13,13374.434364067281,17862.03247495235,16195.848920618844
2019-02-14,13374.434364067281,17813.073723682846,16158.532322712621
2019-02-15,13374.434364067281,17759.021618921754,16335.488849508865
2019-02-18,13374.434364067281,17759.155506211577,16335.488849508865
2019-02-19,13374.434364067281,17867.33298109781,16361.202662366713
2019-02-20,13374.434364067281,17812.81615890013,16393.440789441105
2019-02-21,13374.434364067281,17679.503808812537,16337.052897437487
2019-02-22,13374.434364067281,17852.9066894852,16442.301070123747
2019-02-25,13539.054359184469,18031.573813816034,16629.47506882732
2019-02-26,13539.054359184469,18090.913248614313,16616.505630879
2019-02-27,13539.054359184469,18109.23672892903,16610.034015288496
2019-02-28,13539.054359184469,17892.285887150563,16568.052230012374
2019-03-01,13539.054359184469,18114.256901691857,16683.206221440993
2019-03-04,13539.054359184469,18192.167687169083,16618.859872141064
2019-03-05,13539.054359184469,18313.935894696886,16600.582107883856
2019-03-06,13539.054359184469,18237.056065275872,16493.060109464343
2019-03-07,13539.054359184469,17941.654815535978,16362.519833770137
2019-03-08,13539.054359184469,17910.234935949018,16329.213944400386
2019-03-11,13539.054359184469,18323.038533635976,16568.88647877129
2019-03-12,13539.054359184469,18459.029291732568,16568.88647877129
2019-03-13,13539.054359184469,18575.53445949138,16735.238301975
2019-03-14,13539.054359184469,18506.557582251982,16726.381870560577
2019-03-15,13539.054359184469,18569.31122583053,16810.408046168035
2019-03-18,13539.054359184469,18631.166995407537,16872.905362442103
2019-03-19,13539.054359184469,18751.797109458268,16871.175715800597
2019-03-20,13539.054359184469,19051.41798200196,16822.246225328086
2019-03-21,13539.054359184469,19235.86907408492,17005.741642137713
2019-03-22,13539.054359184469,18751.946062755884,16684.36951072262
2019-03-25,13539.054359184469,18771.31645221485,16671.63738961148
2019-03-26,13539.054359184469,18783.258189697422,16791.38484497443
2019-03-27,13539.054359184469,18621.47301997981,16713.649749449447
2019-03-28,13539.054359184469,18607.78912186755,16776.266452107862
2019-03-29,13539.054359184469,18711.803699864748,16889.990718787354
2019-04-01,13608.0643613207,19081.564019845882,17154.54397103163
2019-04-02,13608.0643613207,19159.22784837411,17155.47222174957
2019-04-03,13608.0643613207,19238.786302082473,17192.355204213072
2019-04-04,13608.0643613207,19263.281909389007,17232.142807427044
2019-04-05,13608.0643613207,19291.17910430772,17312.197488241574
2019-04-08,13608.0643613207,19337.35424652572,17330.638248567255
2019-04-09,13608.0643613207,19288.5709268093,17230.736544134674
2019-04-10,13608.0643613207,19373.578124202217,17292.109265618084
2019-04-11,13608.0643613207,19377.22347858587,17292.97612022554
2019-04-12,13608.0643613207,19504.613143674807,17409.01623084088
2019-04-15,13608.0643613207,19533.353150098304,17398.447328965747
2019-04-16,13608.0643613207,19641.108775706794,17407.27959800164
2019-04-17,13608.0643613207,19701.466578664906,17369.468364820197
2019-04-18,13608.0643613207,19714.421101200085,17397.310039109758
2019-04-19,13608.0643613207,19714.471573658368,17397.310039109758
2019-04-22,13608.0643613207,19897.575735308805,17415.363419214562
2019-04-23,13633.91436170217,20233.740909751657,17596.051486596923
2019-04-24,13633.91436170217,20055.206930739405,17557.524376742564
2019-04-25,13633.91436170217,20145.10151312058,17551.049269135845
2019-04-26,13633.91436170217,20364.909177392692,17633.829047481217
2019-04-29,13633.91436170217,20468.432307229374,17653.526667388138
2019-04-30,13633.91436170217,19879.251130100267,17670.797036919306
2019-05-01,13633.91436170217,19719.11049340192,17538.396238377347
2019-05-02,13633.91436170217,19605.960300064213,17501.8484062721
2019-05-03,13633.91436170217,20018.28512471203,17672.265391639983
2019-05-06,13633.91436170217,19926.987642287648,17594.7631993046
2019-05-07,13633.91436170217,19617.57660622645,17304.356892285956
2019-05-08,13633.91436170217,19526.248404961756,17277.043737726053
2019-05-09,13633.91436170217,19420.28927885675,17230.871813962076
2019-05-10,13633.91436170217,19474.48460839275,17300.909259816184
2019-05-13,13671.01436017629,18865.131426075073,16921.17072919649
2019-05-14,13671.01436017629,18943.529943611935,17058.759902631704
2019-05-15,13671.01436017629,19356.104008790106,17161.794060895492
2019-05-16,13671.01436017629,19585.40919613469,17319.424908381396
2019-05-17,13671.01436017629,19298.2389868273,17220.086575661804
2019-05-20,13671.01436017629,19018.76010452102,17104.13096620004
2019-05-21,13671.01436017629,19141.90744062291,17249.893797478322
2019-05-22,13671.01436017629,19094.898656219677,17201.516482802388
2019-05-23,13671.01436017629,18783.949191582993,16998.36345224397
2019-05-24,13671.01436017629,18773.98896082469,17023.90411563155
2019-05-27,13671.01436017629,18774.071043716656,17023.90411563155
2019-05-28,13764.51436017629,18904.905527364583,16974.917496516882
2019-05-29,13764.51436017629,18700.567360667083,16858.077701170252
2019-05-30,13764.51436017629,18713.58343339385,16895.726030493977
2019-05-31,13764.51436017629,18404.017073717394,16676.06774635239
2019-06-03,13764.51436017629,17667.83808680388,16630.080988511185
2019-06-04,13764.51436017629,18122.6716426337,16987.39563317663
2019-06-05,13764.51436017629,18190.612929654515,17128.133907566924
2019-06-06,13764.51436017629,18303.14274026277,17237.902562098923
2019-06-07,13764.51436017629,18678.05056733207,17420.517392304642
2019-06-10,13764.51436017629,18935.87667952739,17501.793465456933
2019-06-11,13764.51436017629,18969.572077206605,17496.56645692234
2019-06-12,13764.51436017629,18893.555324288976,17461.185672650186
2019-06-13,13764.51436017629,19064.40395448562,17537.959112427485
2019-06-14,13764.51436017629,19004.258975187196,17512.06601990973
2019-06-17,13764.51436017629,19188.410985693077,17528.502402095382
2019-06-18,13864.154359565939,19463.766140915814,17799.00494549643
2019-06-19,13864.154359565939,19563.639421262284,17852.17757007685
2019-06-20,13864.154359565939,19707.720554204192,18022.967921540283
2019-06-21,13864.154359565939,19752.253097315297,18001.333903358598
2019-06-24,13901.154359565939,19738.73188181223,18007.18993753292
2019-06-25,13901.154359565939,19343.228111714816,17836.1995745585
2019-06-26,13901.154359565939,19376.50978916987,17814.186512857854
2019-06-27,13901.154359565939,19444.035717630515,17884.975595449745
2019-06-28,13901.154359565939,19488.36233913346,17988.79988058437
2019-07-01,13901.154359565939,19747.518962706425,18126.967634237055
2019-07-02,13901.154359565939,19885.546822325778,18180.737365822737
2019-07-03,13901.154359565939,20026.040732222435,18216.085820476375
2019-07-04,13901.154359565939,20026.066881271134,18216.085820476375
2019-07-05,13901.154359565939,20080.268763314893,18293.451912926022
2019-07-08,13901.154359565939,19922.812348462656,18205.24653953767
2019-07-09,13901.154359565939,20119.391407092462,18233.075438164968
2019-07-10,13901.154359565939,20349.31228551771,18315.52592792779
2019-07-11,13901.154359565939,20307.068545268517,18357.45139243918
2019-07-12,13901.154359565939,20392.889714732697,18444.042246680725
2019-07-15,13901.154359565939,20469.11194640814,18447.26979830847
2019-07-16,13901.154359565939,20421.67005198461,18385.066211179615
2019-07-17,13901.154359565939,20280.108080600483,18265.257294491978
2019-07-18,13901.154359565939,20174.957758215303,18332.545278934012
2019-07-19,13901.154359565939,19985.768788966918,18220.044811717602
2019-07-22,13901.154359565939,20157.757679789454,18272.046897570723
2019-07-23,13901.154359565939,20256.14103048321,18397.488791281638
2019-07-24,13901.154359565939,20321.33759411317,18484.475098647545
2019-07-25,13901.154359565939,20169.254415820476,18387.28877667178
2019-07-26,13901.154359565939,20737.506910800854,18523.35587143454
2019-07-29,13901.154359565939,20540.869675538597,18493.487267218447
2019-07-30,13901.154359565939,20396.728459581725,18447.665251432838
2019-07-31,13901.154359565939,20183.77570399959,18247.354863952412
2019-08-01,13901.154359565939,20051.724920830988,18084.95148310693
2019-08-02,13901.154359565939,19757.172150047165,17954.85186519069
2019-08-05,13901.154359565939,19099.078631848108,17421.116513906865
2019-08-06,14233.824342476095,19661.244700384097,17981.896049607116
2019-08-07,14233.824342476095,19744.553087460274,17996.16441078112
2019-08-08,14233.824342476095,20280.459676893042,18338.449066090907
2019-08-09,14233.824342476095,20035.95017824781,18219.98077177005
2019-08-12,14233.824342476095,19818.44380516421,17998.709086659284
2019-08-13,14233.824342476095,20197.419286443615,18271.754323074576
2019-08-14,14233.824342476095,19572.70896839385,17741.731660788984
2019-08-15,14233.824342476095,19655.53718480075,17788.85360517575
2019-08-16,14233.824342476095,19877.020362857784,18048.434779757106
2019-08-19,14233.824342476095,20154.21472632937,18267.938823945347
2019-08-20,14233.824342476095,19986.769032941633,18124.71446858118
2019-08-21,14233.824342476095,20155.329811976728,18274.948800114493
2019-08-22,14233.824342476095,20062.221975291697,18266.20147678329
2019-08-23,14233.824342476095,19477.43946461989,17792.388887020774
2019-08-26,15405.004304634298,20914.082825279544,19161.2023130072
2019-08-27,15405.004304634298,20877.926059594472,19099.91317147378
2019-08-28,15405.004304634298,20920.9773200434,19225.630929913714
2019-08-29,15405.004304634298,21220.280756903798,19472.805730215783
2019-08-30,15405.004304634298,21161.831403996006,19487.9384532372
2019-09-02,15405.004304634298,21161.881594318533,19487.9384532372
2019-09-03,15405.004304634298,20968.83477606733,19354.852768780347
2019-09-04,15405.004304634298,21163.405693651264,19566.3430594331
2019-09-05,15405.004304634298,21592.727307215373,19825.444962218895
2019-09-06,15405.004304634298,21446.775071248416,19844.244708633454
2019-09-09,15405.004304634298,21418.33248986441,19843.981741271775
2019-09-10,15405.004304634298,21354.700480879088,19851.01894146575
2019-09-11,15405.004304634298,21571.47535426738,19995.57032555086
2019-09-12,15405.004304634298,21732.61155056093,20056.231894668992
2019-09-13,15405.004304634298,21738.247269854935,20047.211952833957
2019-09-16,15405.004304634298,21595.21318029749,19984.99677899624
2019-09-17,15405.004304634298,21671.001147584066,20036.672285509972
2019-09-18,15405.004304634298,21638.06418081958,20043.64334053935
2019-09-19,15405.004304634298,21674.213473041353,20045.22921119288
2019-09-20,15405.004304634298,21426.876558065942,19948.09100374701
2019-09-23,15405.004304634298,21374.319302162072,19946.108262105932
2019-09-24,15405.004304634298,20980.915536817047,19779.84997095758
2019-09-25,15405.004304634298,21327.20308661823,19901.702270510577
2019-09-26,15405.004304634298,21189.747753924905,19854.5536745297
2019-09-27,15405.004304634298,20924.16587724244,19751.864113148153
2019-09-30,15405.004304634298,21008.137564337696,19852.570932888622
2019-10-01,15405.004304634298,20904.983273165635,19610.08921267922
2019-10-02,15405.004304634298,20547.153332291015,19258.969706165048
2019-10-03,15405.004304634298,20743.854881046187,19417.330909979726
2019-10-04,15405.004304634298,21024.571112025904,19693.44986632947
2019-10-07,15405.004304634298,20957.628264218903,19605.329987421952
2019-10-08,15405.004304634298,20648.234593063607,19300.731504473384
2019-10-09,15405.004304634298,20829.50453190498,19482.55326886135
2019-10-10,15405.004304634298,20941.017315993406,19607.974180708956
2019-10-11,15405.004304634298,21128.601630568905,19824.322107717515
2019-10-14,15405.004304634298,21183.175248990618,19796.833145290882
2019-10-15,15405.29782204826,21512.700312961864,19994.27797231129
2019-10-16,15405.29782204826,21516.969365578818,19955.619589340928
2019-10-17,15405.29782204826,21647.623515270236,20012.28424108404
2019-10-18,15405.29782204826,21368.551873506094,19934.37377324305
2019-10-21,15405.29782204826,21525.786952968676,20071.95612201741
2019-10-22,15405.29782204826,21336.579808035847,20000.984545135263
2019-10-23,15405.29782204826,21465.81305473546,20058.64138891273
2019-10-24,15405.29782204826,21664.563623781047,20097.199746019476
2019-10-25,15405.29782204826,21728.03396088851,20179.404872714797
2019-10-28,15405.29782204826,22012.832970919237,20292.040448437183
2019-10-29,15405.29782204826,21708.257465781226,20275.38936878451
2019-10-30,15405.29782204826,21824.16456117643,20342.99071939068
2019-10-31,15405.29782204826,21814.505295763563,20282.855815507948
2019-11-01,15405.29782204826,21997.330198136453,20480.637600980277
2019-11-04,15405.29782204826,22141.289656031822,20556.763736479825
2019-11-05,15405.29782204826,22122.2215027014,20532.478424784094
2019-11-06,15405.29782204826,22083.260325672152,20548.40512358569
2019-11-07,15405.29782204826,22029.33538130089,20614.123729307183
2019-11-08,15405.29782204826,22129.521938625792,20670.688355186678
2019-11-11,15405.29782204826,22053.278462499387,20630.04881478838
2019-11-12,15405.29782204826,22077.68269195071,20663.4203468701
2019-11-13,15405.29782204826,22018.506846462857,20678.850142994335
2019-11-14,15405.29782204826,22111.57414141067,20701.44953489188
2019-11-15,15405.29782204826,22245.649766728282,20864.407799939552
2019-11-18,15405.29782204826,22244.53489430376,20875.24447293897
2019-11-19,15405.29782204826,22221.430572777514,20864.14321539706
2019-11-20,15405.29782204826,22104.00815328066,20789.833678646555
2019-11-21,15405.29782204826,22089.895758852213,20758.180332770637
2019-11-22,15405.29782204826,22084.130846553257,20803.611434700593
2019-11-25,15554.987824489666,22490.53358822757,21111.96343001499
2019-11-26,15554.987824489666,22614.234772216074,21158.883962975488
2019-11-27,15554.987824489666,22747.994772762326,21249.728822130583
2019-11-28,15554.987824489666,22748.02828739318,21249.728822130583
2019-11-29,15554.987824489666,22624.46701163275,21169.20007835333
2019-12-02,15554.987824489666,22370.44053731038,20987.24226128154
2019-12-03,15554.987824489666,22342.72035148623,20848.612453764916
2019-12-04,15554.987824489666,22526.88193932553,20982.61796385432
2019-12-05,15554.987824489666,22507.25570737773,21019.886941397526
2019-12-06,15554.987824489666,22705.044675029007,21212.92617394845
2019-12-09,15554.987824489666,22663.141708608047,21147.602692055898
2019-12-10,15554.987824489666,22615.438527962844,21125.10839353786
2019-12-11,15554.987824489666,22736.910055655728,21186.76948386298
2019-12-12,15554.987824489666,22813.841563371974,21371.48953059964
2019-12-13,15554.987824489666,22871.524239220464,21376.747516008796
2019-12-16,15554.987824489666,23132.18111739488,21530.152002550596
2019-12-17,15554.987824489666,23178.908998039777,21537.50765766407
2019-12-18,15554.987824489666,23177.213925057087,21530.052887250862
2019-12-19,15554.987824489666,23308.615855157193,21627.419858097037
2019-12-20,15554.987824489666,23299.557824367443,21735.536776862562
2019-12-23,15554.987824489666,23337.1412137314,21754.337811834543
2019-12-24,15554.987824489666,23321.239445993688,21751.60970383022
2019-12-25,15554.987824489666,23321.273759408254,21751.60970383022
2019-12-26,15554.987824489666,23762.04505874947,21865.18283860437
2019-12-27,15554.987824489666,23719.995431426,21866.24710944586
2019-12-30,15554.987824489666,23457.728288248767,21742.72507335517
2019-12-31,15554.987824489666,23489.577160950335,21808.14604570649
2020-01-01,15554.987824489666,23489.821095376567,21808.14604570649
2020-01-02,15554.987824489666,23991.99576313494,21993.564774064274
2020-01-03,15554.987824489666,23818.5112264472,21840.59087038201
2020-01-06,15554.987824489666,24189.688046408057,21917.860183154713
2020-01-07,15554.987824489666,24217.696209410533,21858.62823009371
2020-01-08,15554.987824489666,24335.894085560605,21966.477050097637
2020-01-09,15554.987824489666,24541.884514372432,22118.51829505776
2020-01-10,15554.987824489666,24528.839663124043,22055.393223010255
2020-01-13,15554.987824489666,24774.784106322055,22209.33065739326
2020-01-14,15554.987824489666,24615.310569774552,22177.818491439877
2020-01-15,15554.987824489666,24635.119544904883,22219.713391251276
2020-01-16,15554.987824489666,24781.051754947588,22406.396245890995
2020-01-17,15554.987824489666,24949.93846952729,22493.447101359325
2020-01-20,15554.987824489666,24950.662361478793,22493.447101359325
2020-01-21,15554.987824489666,25001.217055886475,22434.21514829833
2020-01-22,15554.987824489666,25002.448721629364,22441.50256009069
2020-01-23,15554.987824489666,25046.214627063033,22468.75601783721
2020-01-24,15554.987824489666,24794.356075430787,22266.20171651127
2020-01-27,15554.987824489666,24254.14222685214,21915.89737525166
2020-01-28,15772.77777159745,24825.209608579815,22354.47721399656
2020-01-29,15772.77777159745,24918.454073171626,22335.625754414716
2020-01-30,15772.77777159745,24939.03452789517,22408.983840843903
2020-01-31,15772.77777159745,25016.760018476703,22014.067995808087
2020-02-03,15772.77777159745,25562.82383854852,22174.12409088773
2020-02-04,15772.77777159745,25826.30385284353,22506.335738176123
2020-02-05,15772.77777159745,25686.495020887363,22760.012490350477
2020-02-06,15772.77777159745,25994.78932731413,22839.520395781554
2020-02-07,15772.77777159745,26029.990035219314,22720.627723674275
2020-02-10,15772.77777159745,26446.218230179908,22890.564877993354
2020-02-11,15772.77777159745,26487.269984406004,22930.08255164371
2020-02-12,15772.77777159745,26744.385786187682,23079.049938928576
2020-02-13,15772.77777159745,26708.556070072253,23048.806218586313
2020-02-14,15772.77777159745,26731.75126918361,23095.04635980624
2020-02-17,15772.77777159745,26732.508466179024,23095.04635980624
2020-02-18,15772.77777159745,26866.099045232553,23029.047381761127
2020-02-19,15772.77777159745,27065.04836906704,23141.38659146351
2020-02-20,15772.77777159745,26890.418082231787,23054.183208145863
2020-02-21,15772.77777159745,26327.308346700913,22812.502541009628
2020-02-24,15772.77777159745,25175.943142749053,22050.83072119158
2020-02-25,15772.77777159745,24561.3098199651,21383.554028737428
2020-02-26,15772.77777159745,24583.600777867974,21302.93692436151
2020-02-27,15772.77777159745,23414.517194457854,20366.356244894687
2020-02-28,15772.77777159745,23639.421120823135,20201.89781139933
2020-03-02,15772.77777159745,24551.312143172574,21132.430403128445
2020-03-03,15772.77777159745,23840.251160921332,20539.08116401745
2020-03-04,15772.77777159745,24636.854956316587,21407.009648436477
2020-03-05,15772.77777159745,23761.447318443526,20685.29360303548
2020-03-06,15772.77777159745,23364.603232056266,20333.18857112088
2020-03-09,15772.77777159745,21882.12077566395,18790.558652789972
2020-03-10,15772.77777159745,22952.785175711095,19719.274849205536
2020-03-11,15772.77777159745,21921.195555599035,18757.020152149984
2020-03-12,15772.77777159745,20027.434470165088,16976.70826169554
2020-03-13,15772.77777159745,21670.944665755615,18559.05931620516
2020-03-16,15772.77777159745,19477.532533676404,16335.709411107779
2020-03-17,15772.77777159745,20427.335104968777,17315.63909489984
2020-03-18,15772.77777159745,19935.227643838974,16418.239719580873
2020-03-19,15772.77777159745,20396.977548456278,16496.705699967602
2020-03-20,15772.77777159745,19833.20514044789,15784.163517437348
2020-03-23,15772.77777159745,19993.258132041832,15321.804766735906
2020-03-24,15772.77777159745,21183.831261074356,16761.069157360536
2020-03-25,15772.77777159745,20950.433366770445,16954.461931378668
2020-03-26,15772.77777159745,21851.83582540772,18013.46306066196
2020-03-27,15772.77777159745,20932.072102630038,17406.672168065503
2020-03-30,15772.77777159745,21593.216341439085,17992.96421093126
2020-03-31,15772.77777159745,21654.528828447474,17706.690792723948
2020-04-01,15772.77777159745,20771.993435754346,16925.19286218023
2020-04-02,15772.77777159745,20858.535193542182,17314.429805517662
2020-04-03,15772.77777159745,20582.06266717424,17054.63605087826
2020-04-06,15772.77777159745,21998.280203413713,18254.33644099217
2020-04-07,15772.77777159745,22047.40155637473,18225.269193495245
2020-04-08,15772.77777159745,22446.263714933444,18850.406171006358
2020-04-09,15772.77777159745,22576.395634528577,19125.927250921402
2020-04-10,15772.77777159745,22576.663111827445,19125.927250921402
2020-04-13,15772.77777159745,23164.327746544128,18933.07266810729
2020-04-14,15772.77777159745,24224.825115190815,19514.256817015485
2020-04-15,15772.77777159745,24217.751854423695,19085.567833101348
2020-04-16,15772.77777159745,24607.071547032465,19196.697753421548
2020-04-17,15772.77777159745,24806.961695281236,19711.84846692098
2020-04-20,15772.77777159745,24692.605863454075,19359.341432430225
2020-04-21,15772.77777159745,23816.896230891758,18766.026650682903
2020-04-22,15772.77777159745,24472.401798711977,19196.865117759382
2020-04-23,15772.77777159745,24649.387561030722,19188.094898291634
2020-04-24,15772.77777159745,24862.204843285315,19455.61694735444
2020-04-27,15772.77777159745,24859.536467439975,19742.226735064265
2020-04-28,15772.77777159745,24308.26895670655,19638.861207357975
2020-04-29,15772.77777159745,25521.77248923331,20161.607308306637
2020-04-30,15772.77777159745,25855.89378874549,19976.58275118009
2020-05-01,15772.77777159745,24852.093826737546,19418.24875686643
2020-05-04,15772.77777159745,25138.17031926533,19500.882437430526
2020-05-05,15772.77777159745,25371.375389602414,19677.169591626156
2020-05-06,15772.77777159745,25566.488973396674,19541.374762224736
2020-05-07,15772.77777159745,25974.869095422175,19773.143194411547
2020-05-08,15772.77777159745,26210.880621482545,20110.56118526799
2020-05-11,15832.907772665565,26552.274165452145,20174.422426573652
2020-05-12,15832.907772665565,26055.49826899492,19763.293897836145
2020-05-13,15832.907772665565,25826.552046236917,19419.57455004089
2020-05-14,15832.907772665565,26030.294125721375,19647.518300421438
2020-05-15,15832.907772665565,26306.44725625551,19726.75700266771
2020-05-18,15832.907772665565,26707.869975190835,20350.494351414185
2020-05-19,15832.907772665565,26727.892908659072,20138.99804620787
2020-05-20,15832.907772665565,27368.69918960395,20478.099470132915
2020-05-21,15832.907772665565,27159.38926833512,20320.26225537148
2020-05-22,15832.907772665565,27240.20175487315,20371.594280829737
2020-05-25,15832.907772665565,27241.019235375505,20371.594280829737
2020-05-26,15832.907772665565,27235.468884084807,20622.288629778297
2020-05-27,15832.907772665565,27131.131447180596,20928.460602983767
2020-05-28,15832.907772665565,26963.409906534558,20886.802189966384
2020-05-29,15832.907772665565,27293.072301948847,20990.578755685565
2020-06-01,15832.907772665565,27599.14930147383,21070.357258013595
2020-06-02,15832.907772665565,27693.93798256949,21244.00337395011
2020-06-03,15832.907772665565,27780.281508803353,21536.120796246225
2020-06-04,15832.907772665565,27452.04702541469,21468.273850603528
2020-06-05,15832.907772665565,27895.414578368116,22031.275461491754
2020-06-08,15832.907772665565,28222.722352865003,22296.93445112166
2020-06-09,15832.907772665565,28519.91711228097,22124.60327501846
2020-06-10,15832.907772665565,28876.38118363627,22007.1424480802
2020-06-11,15832.907772665565,27625.78769678169,20712.481323927677
2020-06-12,15832.907772665565,27754.670355486498,20989.26381585223
2020-06-15,15832.907772665565,28143.725752016104,21164.460211291847
2020-06-16,15832.907772665565,28591.357578907617,21566.152112990225
2020-06-17,15832.907772665565,28741.545121760242,21488.4966048862
2020-06-18,15832.907772665565,28796.863299664292,21502.04591608487
2020-06-19,15832.907772665565,28801.217415766994,21384.552174507484
2020-06-22,15832.907772665565,29268.20681941282,21523.44866018043
2020-06-23,15832.907772665565,29644.551586816295,21616.236673625375
2020-06-24,15832.907772665565,29057.16919712848,21057.48269691713
2020-06-25,15832.907772665565,29327.092248665533,21289.336706426544
2020-06-26,15832.907772665565,28268.105323121,20773.824336877908
2020-06-29,15832.907772665565,28638.664917782546,21081.479114576272
2020-06-30,15832.907772665565,29220.947983337657,21408.043352455963
2020-07-01,15832.907772665565,30074.490872597056,21516.200856643558
2020-07-02,15832.907772665565,30386.34690549619,21618.664128261345
2020-07-03,15832.907772665565,30386.666749970904,21618.664128261345
2020-07-06,15832.907772665565,31413.358819704652,21962.07901564464
2020-07-07,15832.907772665565,31170.374138693656,21724.59660284365
2020-07-08,15832.907772665565,31671.312511742297,21894.974295114353
2020-07-09,15832.907772665565,32167.964187398313,21777.58094318632
2020-07-10,15832.907772665565,32620.57487248807,22005.592168577088
2020-07-13,15832.907772665565,31777.11680761983,21799.589316641905
2020-07-14,15832.907772665565,31848.62364165218,22094.706908294913
2020-07-15,15832.907772665565,31748.399366132344,22295.821936319
2020-07-16,15916.457775717323,31599.844391378436,22304.143885902708
2020-07-17,15916.457775717323,31434.236775793473,22368.795077024006
2020-07-20,15916.457775717323,32867.633392176016,22556.864511522515
2020-07-21,15916.457775717323,32386.42850533669,22595.06020462896
2020-07-22,15916.457775717323,32385.866348632386,22725.479284758425
2020-07-23,15916.457775717323,31348.343907923336,22447.21667285662
2020-07-24,15916.457775717323,31230.602020075476,22308.71144456715
2020-07-27,15916.457775717323,31811.72612492196,22473.774589908444
2020-07-28,15916.457775717323,31316.92647832036,22328.570826217776
2020-07-29,15916.457775717323,31751.829354495963,22606.12146062069
2020-07-30,15916.457775717323,31924.862081364863,22524.960981509357
2020-07-31,15916.457775717323,32210.840477713835,22700.173523029436
2020-08-03,15916.457775717323,32276.686252133655,22863.883745930878
2020-08-04,15916.457775717323,32346.885063186768,22946.43183780102
2020-08-05,15916.457775717323,32724.940813196004,23094.0044547014
2020-08-06,15916.457775717323,33207.50012431585,23245.02628045941
2020-08-07,15916.457775717323,32765.160480528637,23264.614747238073
2020-08-10,15916.457775717323,32542.77772060227,23328.691070216424
2020-08-11,15916.457775717323,31998.286936631506,23142.88972181059
2020-08-12,15916.457775717323,32792.63382383906,23470.27547729451
2020-08-13,15916.457775717323,32981.68339107679,23428.054055267563
2020-08-14,15916.457775717323,32852.22105208448,23425.75293077585
2020-08-17,15916.457775717323,33272.08323828911,23489.830905674156
2020-08-18,15916.457775717323,34071.196159287785,23547.613413639305
2020-08-19,15916.457775717323,33787.38518287316,23447.811017881206
2020-08-20,15916.457775717323,34447.42379212957,23522.646295500268
2020-08-21,15916.457775717323,34529.366355216975,23605.02589153543
2020-08-24,15916.457775717323,34738.18157065502,23844.889624176798
2020-08-25,15926.757775717322,35158.4887588011,23941.223267143523
2020-08-26,15926.757775717322,36326.95186197136,24185.48873153613
2020-08-27,15926.757775717322,36050.05354912876,24227.49199966829
2020-08-28,15926.757775717322,36180.54582089106,24393.065788920045
2020-08-31,15926.757775717322,36632.07803810528,24342.33001886746
2020-09-01,15926.757775717322,37305.08920041904,24525.978632779326
2020-09-02,15926.757775717322,37552.96778415848,24905.45905593946
2020-09-03,15926.757775717322,35691.984031758766,24035.246399573567
2020-09-04,15926.757775717322,34984.10289765346,23839.75337966928
2020-09-07,15926.757775717322,34984.98542721651,23839.75337966928
2020-09-08,15926.757775717322,33262.96520107995,23179.081106251517
2020-09-09,15926.757775717322,34190.849914346196,23647.304505968168
2020-09-10,15926.757775717322,33528.19088458148,23232.591643663025
2020-09-11,15926.757775717322,33174.84009867215,23246.096943756496
2020-09-14,15926.757775717322,33481.39345514064,23549.660459134688
2020-09-15,15926.757775717322,34092.959688896226,23672.92689616019
2020-09-16,15926.757775717322,33462.75663900258,23564.48455872335
2020-09-17,15926.757775717322,32813.13150356976,23366.58696079215
2020-09-18,15926.757775717322,32404.010121645457,23105.6365343653
2020-09-21,15926.757775717322,32413.458107177557,22839.47205730274
2020-09-22,15926.757775717322,33200.20666302488,23079.777817947936
2020-09-23,15926.757775717322,31924.049690623713,22533.97826897923
2020-09-24,15926.757775717322,32094.789564728435,22602.415369098064
2020-09-25,15926.757775717322,32826.674820540415,22964.26222006078
2020-09-28,15926.757775717322,33439.395498742146,23334.264804743667
2020-09-29,15926.757775717322,33415.76681153004,23224.908562393488
2020-09-30,15926.757775717322,33603.27216811906,23417.390488713543
2020-10-01,15926.757775717322,34277.6668937112,23543.87294556062
2020-10-02,15926.757775717322,33318.34731026756,23318.45904237288
2020-10-05,15926.757775717322,34012.911772212734,23740.07659677182
2020-10-06,15926.757775717322,33241.75895762605,23409.26780761229
2020-10-07,15926.757775717322,33895.898836382956,23816.9751673359
2020-10-08,15926.757775717322,34085.13812573211,24015.006628373754
2020-10-09,15926.757775717322,34783.49370605058,24226.678905242694
2020-10-12,15926.757775717322,35918.12164177073,24624.334963550653
2020-10-13,15926.757775717322,35960.65659445561,24469.04880193984
2020-10-14,15926.757775717322,35574.55454862436,24309.398041999775
2020-10-15,15926.757775717322,35327.435516340694,24272.945961216374
2020-10-16,15926.757775717322,35095.02610018955,24276.636286119545
2020-10-19,15926.757775717322,34484.5666056814,23880.232922068895
2020-10-20,15926.757775717322,34650.828061280125,23993.54886816649
2020-10-21,15926.757775717322,34760.30014020834,23941.39183550005
2020-10-22,15926.757775717322,34886.919765073624,24068.38165004765
2020-10-23,15926.757775717322,35215.79019614963,24151.77836549273
2020-10-26,15926.757775717322,34719.167244661825,23702.981642550316
2020-10-27,15926.757775717322,35207.222548794416,23631.668964584842
2020-10-28,15975.287775717323,33718.491584144256,22846.269820645815
2020-10-29,15975.287775717323,34377.15060587889,23121.140859312258
2020-10-30,15975.287775717323,33564.28344355403,22843.18275903181
2020-11-02,15975.287775717323,33543.110787653306,23124.872162861782
2020-11-03,15975.287775717323,34100.52198992998,23536.66862698962
2020-11-04,15975.287775717323,35838.26078685088,24055.612958735728
2020-11-05,15975.287775717323,36674.22943890941,24528.327549122925
2020-11-06,15975.287775717323,36685.399523950604,24524.392539254455
2020-11-09,15975.287775717323,35973.53110053023,24813.577673162195
2020-11-10,15975.287775717323,35108.53759738621,24782.983633894335
2020-11-11,15975.287775717323,35816.83864172357,24972.584532367855
2020-11-12,15975.287775717323,35594.714114297225,24728.51123928822
2020-11-13,15975.287775717323,35916.37359502785,25067.418932657794
2020-11-16,15975.287775717323,36040.875774693115,25359.724251158194
2020-11-17,15975.287775717323,36086.23210300622,25241.859443784488
2020-11-18,15975.287775717323,36011.09973921596,24954.573912704695
2020-11-19,15975.287775717323,36289.48115552108,25054.699708840475
2020-11-20,15975.287775717323,36072.383921951434,24884.77054741149
2020-11-23,16000.197776327674,36168.52698253353,25052.746973732512
2020-11-24,16000.197776327674,36843.65681338757,25457.96070654716
2020-11-25,16000.197776327674,37184.3949674551,25418.543260478422
2020-11-26,16000.197776327674,37184.8573328038,25418.543260478422
2020-11-27,16000.197776327674,37517.463058330475,25482.031923139566
2020-11-30,16000.197776327674,37231.68834208439,25368.90549414163
2020-12-01,16000.197776327674,37823.96839598929,25655.626508143614
2020-12-02,16000.197776327674,37969.44857641687,25704.007664137633
2020-12-03,16000.197776327674,37989.255131923135,25692.736300390254
2020-12-04,16000.197776327674,37982.78888610687,25921.333283748518
2020-12-07,16000.197776327674,38318.096809292365,25871.186573644925
2020-12-08,16000.197776327674,38388.46162697264,25943.94563872928
2020-12-09,16189.70777083451,37673.10819720943,25928.4888923922
2020-12-10,16334.417777548377,38009.43166209668,26041.76776786161
2020-12-11,16334.417777548377,38024.3343336191,26009.40362268623
2020-12-14,16334.417777548377,38109.634458565095,25900.75736198333
2020-12-15,16334.417777548377,38369.661378369216,26235.77630873317
2020-12-16,16334.417777548377,38693.963201871775,26282.344269801735
2020-12-17,16334.417777548377,38874.958454858446,26434.911859526906
2020-12-18,16334.417777548377,38861.538580882516,26344.01113234767
2020-12-21,16334.417777548377,38682.55741919946,26241.93275104393
2020-12-22,16334.417777548377,38673.71661435601,26189.519024649744
2020-12-23,16334.417777548377,38566.15949019756,26209.4661664302
2020-12-24,16334.417777548377,38626.376381242844,26304.941402298617
2020-12-25,16334.417777548377,38626.77887148679,26304.941402298617
2020-12-28,16334.417777548377,39277.53009270628,26534.375516150365
2020-12-29,16334.417777548377,39381.63327141517,26475.323378284695
2020-12-30,16334.417777548377,39263.1631532076,26513.739846997443
2020-12-31,16334.417777548377,39318.381160414836,26686.563576153178
2021-01-01,16334.417777548377,39318.26177726009,26686.563576153178
2021-01-04,16334.417777548377,38760.01348639113,26294.21045129868
2021-01-05,16334.417777548377,39159.74586049527,26483.610896779952
2021-01-06,16334.417777548377,38644.56858289301,26635.249814219824
2021-01-07,16334.417777548377,39659.793821266365,27036.510132204792
2021-01-08,16334.417777548377,40353.91585082541,27188.45636795969
2021-01-11,16334.417777548377,39248.91681442835,27010.199989901812
2021-01-12,16334.417777548377,39341.0435958308,27021.44649676356
2021-01-13,16334.417777548377,39686.64848029457,27083.455943660665
2021-01-14,16334.417777548377,39324.654964474714,26984.920959322473
2021-01-15,16334.417777548377,38954.42857538909,26791.255002802114
2021-01-18,16334.417777548377,38954.13180302969,26791.255002802114
2021-01-19,16334.417777548377,39685.5583666687,27010.26884263905
2021-01-20,16334.417777548377,41100.374446577625,27386.696833169222
2021-01-21,16334.417777548377,41328.5593603654,27397.667929082
2021-01-22,16334.417777548377,41347.45126045337,27315.435929455452
2021-01-25,16334.417777548377,41583.06903947339,27414.21105870644
2021-01-26,16334.417777548377,41701.11286515157,27373.55939503582
2021-01-27,16334.417777548377,40303.33607059005,26670.70897390115
2021-01-28,16334.417777548377,40559.88872681847,26933.744902863647
2021-01-29,16334.417777548377,39731.25924254608,26417.129380632014
2021-02-01,16334.417777548377,41098.190613968414,26841.19338932556
2021-02-02,16334.417777548377,41878.087201341026,27214.56163138596
2021-02-03,16334.417777548377,42338.86546573881,27242.00700418595
2021-02-04,16334.417777548377,42636.62669299301,27540.4332400925
2021-02-05,16334.417777548377,43006.91321869411,27650.661434417
2021-02-08,16334.417777548377,43108.671985099114,27855.849308748107
2021-02-09,16334.417777548377,43080.71482277141,27829.608019182386
2021-02-10,16334.417777548377,43019.5365301383,27820.699146716855
2021-02-11,16334.417777548377,43070.44855758876,27872.563730548158
2021-02-12,16334.417777548377,43167.48314572201,28005.32020463227
2021-02-15,16334.417777548377,43167.125791587634,28005.32020463227
2021-02-16,16334.417777548377,43227.44424457754,27992.836027835172
2021-02-17,16384.09775364556,43307.521902415894,28038.112787418777
2021-02-18,16384.09775364556,43092.69813336432,27915.320549515996
2021-02-19,16384.09775364556,42761.5817204819,27865.1555715461
2021-02-22,16384.09775364556,41727.74342200494,27651.98932322904
2021-02-23,16384.09775364556,41669.900388050715,27687.304498705897
2021-02-24,16384.09775364556,42004.96975650921,28001.93626619859
2021-02-25,16384.09775364556,40332.204327121675,27320.371212043992
2021-02-26,16384.09775364556,40600.63391275107,27193.753387773348
2021-03-01,16384.09775364556,41702.04294944296,27841.38108317723
2021-03-02,16384.09775364556,41094.823742261484,27616.605172800097
2021-03-03,16384.09775364556,39868.37184487679,27257.14809801982
2021-03-04,16384.09775364556,39422.82097216129,26896.210585243178
2021-03-05,16384.09775364556,39941.2760561926,27421.734109949444
2021-03-08,16384.09775364556,38721.91991923645,27275.064762407612
2021-03-09,16384.09775364556,40239.43271352295,27663.66964255715
2021-03-10,16465.027753950737,40153.57415696345,27912.905255257803
2021-03-11,16465.027753950737,41267.14633141585,28204.991287246972
2021-03-12,16465.027753950737,40785.4875156542,28240.650423131687
2021-03-15,16465.027753950737,41047.46201310928,28425.2393874784
2021-03-16,16465.027753950737,41070.43516754782,28381.388857947102
2021-03-17,16465.027753950737,41420.83898248587,28463.350036229956
2021-03-18,16465.027753950737,39942.26164552973,28044.625564627102
2021-03-19,16465.027753950737,40178.92859851491,28030.665607668972
2021-03-22,16465.027753950737,40538.8887508884,28227.658923424453
2021-03-23,16465.027753950737,40559.64684427269,28012.352654705035
2021-03-24,16465.027753950737,39791.81460855009,27860.902137858302
2021-03-25,16465.027753950737,39684.41290765511,28007.79044493772
2021-03-26,16465.027753950737,39757.390056037424,28473.820847552422
2021-03-29,16465.027753950737,39915.29077346659,28449.15049577074
2021-03-30,16465.027753950737,39938.16963849472,28362.279542923196
2021-03-31,16465.027753950737,40567.7287228364,28467.25760938864
2021-04-01,16465.027753950737,41460.366893379854,28803.91629582788
2021-04-02,16465.027753950737,41460.247510225105,28803.91629582788
2021-04-05,16465.027753950737,42532.54776072191,29223.7138315624
2021-04-06,16465.027753950737,42551.94134294151,29196.5531611355
2021-04-07,16465.027753950737,42818.73304364992,29240.22822106037
2021-04-08,16465.027753950737,43255.68933726604,29370.392924880314
2021-04-09,16465.027753950737,43659.81890835854,29597.484339762712
2021-04-12,16465.027753950737,43544.42252594419,29592.162886506016
2021-04-13,16465.027753950737,44152.675123568704,29689.673371451434
2021-04-14,16465.027753950737,43490.72622745624,29571.879274885185
2021-04-15,16465.027753950737,44122.024780659245,29900.591212802206
2021-04-16,16465.027753950737,44164.08758002387,30008.467902189364
2021-04-19,16465.027753950737,43830.985550415826,29849.208987856236
2021-04-20,16732.917768599174,43668.58871296687,29915.062622771926
2021-04-21,16732.917768599174,43854.49753543294,30193.468209107617
2021-04-22,16732.917768599174,43283.66347503116,29917.78314307966
2021-04-23,16732.917768599174,43948.8045472064,30245.767573221252
2021-04-26,16732.917768599174,44471.20452597962,30299.670648304807
2021-04-27,16732.917768599174,44200.9322257002,30293.36135652729
2021-04-28,16732.917768599174,44779.2492357399,30267.97777843695
2021-04-29,16732.917768599174,44966.487643529115,30474.315113416586
2021-04-30,16732.917768599174,44666.23258904902,30257.483856549065
2021-05-03,16732.917768599174,44095.36238853684,30340.67253259232
2021-05-04,16732.917768599174,43296.546117863596,30138.066975156256
2021-05-05,16732.917768599174,43046.16748259966,30159.439573368578
2021-05-06,16732.917768599174,43230.901383348195,30410.476521114055
2021-05-07,16732.917768599174,43461.51400842346,30639.827619247604
2021-05-10,16732.917768599174,42143.6148933117,30320.6959460523
2021-05-11,16732.917768599174,42093.09344758081,30058.119770117937
2021-05-12,17015.827772261284,41216.548016254084,29700.39661245309
2021-05-13,17015.827772261284,41359.780883955755,30067.018732800945
2021-05-14,17015.827772261284,42312.59210899841,30517.952699707632
2021-05-17,17015.827772261284,42301.78285364119,30440.791168766627
2021-05-18,17015.827772261284,41998.901616556235,30185.263639678695
2021-05-19,17015.827772261284,42102.85228360324,30100.673343329
2021-05-20,17015.827772261284,42787.95702270579,30421.114050210694
2021-05-21,17015.827772261284,42446.93543364618,30398.477113507208
2021-05-24,17015.827772261284,43399.141500562255,30702.79523373145
2021-05-25,17015.827772261284,43448.967048194856,30637.988623141573
2021-05-26,17015.827772261284,43691.40451363307,30695.895866690586
2021-05-27,17015.827772261284,43552.07060255824,30734.370064957195
2021-05-28,17015.827772261284,43494.5524764965,30761.82658939922
2021-05-31,17015.827772261284,43494.30781535506,30761.82658939922
2021-06-01,17015.827772261284,43587.44681987023,30747.64283832275
2021-06-02,17015.827772261284,43459.1019064253,30795.37463272335
2021-06-03,17015.827772261284,42791.29271223996,30688.608045003224
2021-06-04,17015.827772261284,43474.95290932125,30960.0484639925
2021-06-07,17305.287763716362,43889.306592650784,31225.572086386623
2021-06-08,17305.287763716362,44047.71536592406,31231.682433812435
2021-06-09,17305.287763716362,44079.01198788889,31175.932886912524
2021-06-10,17305.287763716362,44612.465044914876,31322.497949528577
2021-06-11,17305.287763716362,44651.07346623048,31384.253749349577
2021-06-14,17305.287763716362,45166.19092687332,31449.024819990038
2021-06-15,17305.287763716362,44851.69137714081,31386.880400684797
2021-06-16,17305.287763716362,44881.56954499704,31218.108510399707
2021-06-17,17305.287763716362,45534.55516668873,31205.318765589058
2021-06-18,17305.287763716362,45260.99462551479,30797.35158277322
2021-06-21,17305.287763716362,45453.06050050178,31229.975283935382
2021-06-22,17305.287763716362,45846.94286464968,31390.00670564261
2021-06-23,17305.287763716362,46006.819017680515,31356.0753669276
2021-06-24,17305.287763716362,46080.555908613795,31541.013133792443
2021-06-25,17305.287763716362,45954.71956811359,31646.648237160858
2021-06-28,17305.287763716362,46291.49543769898,31719.878721216523
2021-06-29,17305.287763716362,46209.614792244545,31731.49566794089
2021-06-30,17305.287763716362,46099.43291353612,31774.524866366595
2021-07-01,17305.287763716362,46183.15182006281,31942.58544420292
2021-07-02,17305.287763716362,46887.50684152186,32186.25680043569
2021-07-05,17305.287763716362,46887.17496043733,32186.25680043569
2021-07-06,17305.287763716362,47481.2082857748,32122.65505806467
2021-07-07,17305.287763716362,47439.42010731901,32230.597589620596
2021-07-08,17305.287763716362,47198.86314887275,31960.989352633696
2021-07-09,17305.287763716362,47491.283723159555,32321.91275895928
2021-07-12,17305.287763716362,47820.426613162934,32433.408382942245
2021-07-13,17305.287763716362,47690.26217887023,32319.463068282017
2021-07-14,17305.287763716362,47672.87461459583,32361.031473825118
2021-07-15,17305.287763716362,47248.3004321212,32256.14585089052
2021-07-16,17305.287763716362,46871.60881274068,32012.97067846346
2021-07-19,17305.287763716362,46281.17603433078,31505.520377506942
2021-07-20,17305.287763716362,46938.89053450895,31984.119151577772
2021-07-21,17305.287763716362,47259.93515232084,32247.759303628598
2021-07-22,17305.287763716362,47610.78087158304,32315.198663406198
2021-07-23,17305.287763716362,48440.13998149609,32644.532857372487
2021-07-26,17305.287763716362,48716.39261127673,32722.666192599467
2021-07-27,17305.287763716362,48011.229091207526,32568.60285582831
2021-07-28,17305.287763716362,48543.55128938213,32562.742335213774
2021-07-29,17305.287763716362,48425.63397492704,32703.550971719917
2021-07-30,17305.287763716362,47440.2730128267,32529.307180304473
2021-08-02,17305.287763716362,47592.04730421534,32469.43896083533
2021-08-03,17305.287763716362,47749.62625343346,32735.88272487939
2021-08-04,17305.287763716362,47726.99067896676,32584.557073581836
2021-08-05,17305.287763716362,48183.999413819554,32782.57258005366
2021-08-06,17305.287763716362,47858.51664861237,32841.34086758983
2021-08-09,17305.287763716362,48063.50761464597,32812.98552450986
2021-08-10,17305.287763716362,47908.94426898635,32845.567104480586
2021-08-11,17305.287763716362,47704.5755762893,32927.930146415165
2021-08-12,17305.287763716362,48030.759900031684,33033.81160677804
2021-08-13,17305.287763716362,48068.44428615638,33088.20792511684
2021-08-16,17305.287763716362,47931.19601688654,33175.86243770695
2021-08-17,17305.287763716362,47283.271201669995,32943.66923552565
2021-08-18,17305.287763716362,46991.35978610095,32595.820098990236
2021-08-19,17305.287763716362,46869.8359905647,32638.956861737443
2021-08-20,17305.287763716362,47297.34334052471,32906.28889888828
2021-08-23,17305.287763716362,48188.46638022856,33189.755584267434
2021-08-24,17305.287763716362,48703.02712354327,33239.57174439949
2021-08-25,17305.287763716362,48809.201478349714,33313.7945960666
2021-08-26,17305.287763716362,48607.366978117614,33121.00463373065
2021-08-27,17305.287763716362,49259.56932769541,33413.81553581493
2021-08-30,17305.287763716362,49855.43293513787,33559.811548471924
2021-08-31,17305.287763716362,49968.45383390328,33518.381935601756
2021-09-01,17305.287763716362,50155.298984114466,33531.06758590773
2021-09-02,17305.287763716362,49869.735929700335,33631.68880396651
2021-09-03,17305.287763716362,50017.87357351704,33621.27935349659
2021-09-06,17305.287763716362,50017.40124728642,33621.27935349659
2021-09-07,17429.98774411134,50577.88795087095,33632.77656003154
2021-09-08,17429.98774411134,50364.67821659535,33589.590711593046
2021-09-09,17429.98774411134,50207.09932173308,33437.736730656216
2021-09-10,17429.98774411134,49583.00458125999,33181.10482631029
2021-09-13,17429.98774411134,49707.82250494054,33256.923852157604
2021-09-14,17429.98774411134,49612.88901921864,33073.972577615335
2021-09-15,17429.98774411134,50095.05102339468,33355.14031278784
2021-09-16,17429.98774411134,50040.165254707645,33304.428285439964
2021-09-17,17429.98774411134,49505.780666357634,33001.148699321035
2021-09-20,17429.98774411134,48448.78842437135,32441.056106911088
2021-09-21,17429.98774411134,48485.78122953094,32416.199864950944
2021-09-22,17429.98774411134,48967.53293649011,32724.79409661161
2021-09-23,17429.98774411134,49408.56382979055,33123.22185848383
2021-09-24,17429.98774411134,49665.84613638024,33172.04624632735
2021-09-27,17429.98774411134,49454.05464121357,33080.67683231244
2021-09-28,17429.98774411134,47981.83186652281,32408.781650662717
2021-09-29,17429.98774411134,47696.73198218267,32462.81271942686
2021-09-30,17429.98774411134,47523.39456278789,32078.39946191888
2021-10-01,17429.98774411134,48088.388845781934,32447.22750396213
2021-10-04,17429.98774411134,47083.646849683326,32027.79191646241
2021-10-05,17429.98774411134,47665.19310925021,32368.55612248006
2021-10-06,17429.98774411134,48126.556831500864,32501.436191941626
2021-10-07,17429.98774411134,48652.11318412455,32778.68237345752
2021-10-08,17429.98774411134,48586.79578136539,32716.449476219772
2021-10-11,17429.98774411134,48244.866299634,32491.8412715829
2021-10-12,17429.98774411134,48000.26625135385,32413.27785472191
2021-10-13,17429.98774411134,48402.749815338735,32511.9192083771
2021-10-14,17429.98774411134,49155.35463733182,33070.333125065474
2021-10-15,17429.98774411134,49719.6529890376,33317.05318064883
2021-10-18,17429.98774411134,50268.574079505444,33429.496592155774
2021-10-19,17429.98774411134,50406.32828559889,33677.143053842716
2021-10-20,17429.98774411134,50039.41490067792,33800.89488872708
2021-10-21,17429.98774411134,50368.396880391774,33904.638441411465
2021-10-22,17429.98774411134,49389.29815947458,33868.797669937216
2021-10-25,17429.98774411134,50013.16809179495,34029.74505815411
2021-10-26,17429.98774411134,50231.5801710756,34091.79685344679
2021-10-27,17429.98774411134,51100.11796067329,33920.18534684935
2021-10-28,17429.98774411134,51706.021060173895,34255.27966889459
2021-10-29,17429.98774411134,51971.53515453137,34325.85370379445
2021-11-01,17429.98774411134,51896.31187316744,34387.9821191408
2021-11-02,17429.98774411134,51820.6376571955,34514.62113695707
2021-11-03,17429.98774411134,52495.977928606015,34737.5854931695
2021-11-04,17429.98774411134,53114.84104319291,34887.40904268377
2021-11-05,17429.98774411134,53427.33538109922,35021.14586365465
2021-11-08,17429.98774411134,53104.29549433189,35052.63322298794
2021-11-09,17429.98774411134,52593.4331454256,34932.48601335633
2021-11-10,17429.98774411134,51796.96581688597,34652.88550655458
2021-11-11,17429.98774411134,51650.130171011406,34672.002209948034
2021-11-12,17429.98774411134,52425.74847003677,34925.70862133524
2021-11-15,17429.98774411134,52328.86521749833,34926.81612938389
2021-11-16,17429.98774411134,52511.49547778207,35063.69088982604
2021-11-17,17429.98774411134,52645.68420797908,34979.38096893895
2021-11-18,17429.98774411134,53386.9119762975,35100.92127045568
2021-11-19,17429.98774411134,53416.71078523265,35052.59839569082
2021-11-22,17429.98774411134,52558.377210868115,34943.79095400401
2021-11-23,17429.98774411134,52159.81774411449,35002.13712488229
2021-11-24,17429.98774411134,52342.63137524916,35083.98127313273
2021-11-25,17429.98774411134,52342.60427474716,35083.98127313273
2021-11-26,17429.98774411134,51000.27491530465,34287.44616052187
2021-11-29,17429.98774411134,52025.645532612354,34742.259316444055
2021-11-30,17429.98774411134,51147.593881113135,34088.01809170843
2021-12-01,17429.98774411134,50168.963011431435,33688.16241065395
2021-12-02,17429.98774411134,50503.91157323721,34171.68370759862
2021-12-03,17429.98774411134,49536.94243137204,33884.56050461727
2021-12-06,17429.98774411134,50160.374911711384,34283.05792108375
2021-12-07,17429.98774411134,51632.29722582568,34993.3989560329
2021-12-08,17429.98774411134,52074.85001244917,35102.098433098625
2021-12-09,17429.98774411134,51345.16374115618,34854.27783492603
2021-12-10,17429.98774411134,51412.67799011671,35187.47755200751
2021-12-13,17429.98774411134,50458.588400591936,34866.75993821665
2021-12-14,17429.98774411134,49935.3003064727,34611.30171378395
2021-12-15,17429.98774411134,50851.09139779891,35177.847804351666
2021-12-16,17429.98774411134,49695.82550198261,34871.75068989509
2021-12-17,17429.98774411134,49471.49249174893,34514.9067207935
2021-12-20,17429.98774411134,48897.620064039584,34122.18367019085
2021-12-21,17429.98774411134,50110.2991193417,34731.382751551035
2021-12-22,17429.98774411134,50975.136998266724,35088.62026911014
2021-12-23,17429.98774411134,51480.601848957485,35307.58993434201
2021-12-24,17429.98774411134,51480.44892887401,35307.58993434201
2021-12-27,17429.98774411134,51794.08222923812,35797.49507485021
2021-12-28,17429.98774411134,51587.18160737639,35761.33389224238
2021-12-29,17429.98774411134,51459.07658375348,35811.5478892413
2021-12-30,17429.98774411134,51352.679392714956,35707.76602653005
2021-12-31,17429.98774411134,50842.61367869413,35615.72096295087
2022-01-03,17429.98774411134,51963.150382542495,35842.93076668319
2022-01-04,17429.98774411134,51166.71157828019,35822.7448652679
2022-01-05,17429.98774411134,49356.80917425985,35130.70209222972
2022-01-06,17429.98774411134,49178.161841988636,35099.38886938207
2022-01-07,17429.98774411134,48784.628739149615,34963.61813425889
2022-01-10,17429.98774411134,49035.388277678096,34913.22651804465
2022-01-11,17429.98774411134,49713.52627089528,35233.01772573189
2022-01-12,17429.98774411134,50104.77727734338,35332.83972475972
2022-01-13,17429.98774411134,48745.483942350016,34833.44762851389
2022-01-14,17429.98774411134,49087.34770398491,34862.62245531786
2022-01-17,17429.98774411134,49087.41008778096,34862.62245531786
2022-01-18,17429.98774411134,47955.553255826955,34222.110151110035
2022-01-19,17429.98774411134,47388.05295816737,33891.19162199043
2022-01-20,17429.98774411134,46830.83190144922,33519.6540162306
2022-01-21,17429.98774411134,44882.15248069089,32885.99224136782
2022-01-24,17429.98774411134,45080.75546950683,32977.145726140516
2022-01-25,17429.98774411134,43960.05180336677,32575.900435930656
2022-01-26,17429.98774411134,44196.753250760084,32527.469596544695
2022-01-27,17429.98774411134,43607.5544252431,32354.468480791846
2022-01-28,17429.98774411134,45045.41130177604,33146.08249631856
2022-01-31,17429.98774411134,46668.90010981866,33772.719605350634
2022-02-01,17429.98774411134,47185.88349256095,34004.63805965465
2022-02-02,17429.98774411134,47997.47506497741,34325.39050074264
2022-02-03,17429.98774411134,45700.58616118428,33489.733885268084
2022-02-04,17429.98774411134,47205.61073862339,33668.08447385976
2022-02-07,17429.98774411134,46523.1288871331,33544.18984705718
2022-02-08,17429.98774411134,47005.17970622339,33826.32229836009
2022-02-09,17429.98774411134,47728.676744908975,34321.6465663014
2022-02-10,17467.44774319581,46887.79063391489,33741.705655552054
2022-02-11,17467.44774319581,45354.33880430484,33102.91162562727
2022-02-14,17467.44774319581,45701.91470843782,32978.16803178266
2022-02-15,17467.44774319581,46549.78383193459,33501.9635163506
2022-02-16,17467.44774319581,46612.297112337226,33535.950898339455
2022-02-17,17467.44774319581,45070.2801542085,32829.96310295618
2022-02-18,17467.44774319581,44443.951052639386,32599.537160377018
2022-02-21,17467.44774319581,44443.84445091826,32599.537160377018
2022-02-22,17467.44774319581,43729.61844397901,32269.32471056341
2022-02-23,17467.44774319581,42525.320675572686,31675.336984079197
2022-02-24,17467.44774319581,43928.3125865226,32151.683322003082
2022-02-25,17467.44774319581,44494.709551567954,32874.5915897696
2022-02-28,17467.44774319581,44809.65963649154,32797.90381106167
2022-03-01,17467.44774319581,44200.04000158178,32291.279834115307
2022-03-02,17467.44774319581,44630.721986096985,32894.371074589355
2022-03-03,17467.44774319581,43820.19133676943,32725.64052842922
2022-03-04,17467.44774319581,43034.88518332428,32468.259677134847
2022-03-07,17563.267750737352,41187.84738628004,31606.101322421662
2022-03-08,17563.267750737352,41263.00919364747,31378.307509158476
2022-03-09,17563.267750737352,43012.3556174355,32189.578164700055
2022-03-10,17563.267750737352,43003.87631810993,32054.390286330152
2022-03-11,17563.267750737352,42088.19564737581,31640.76909555601
2022-03-14,17563.267750737352,40963.89654974722,31412.828399767677
2022-03-15,17563.267750737352,42286.93543564343,32086.04696769928
2022-03-16,17563.267750737352,44008.145426476396,32805.0299338187
2022-03-17,17563.267750737352,44625.38244989071,33212.06239417973
2022-03-18,17563.267750737352,45740.83440133289,33599.75532206495
2022-03-21,17563.267750737352,45642.000882367785,33586.899603912854
2022-03-22,17563.267750737352,46993.011689869476,33966.573445366404
2022-03-23,17563.267750737352,46549.13278114819,33551.59184263329
2022-03-24,17563.267750737352,47337.298731694114,34035.797081139746
2022-03-25,17563.267750737352,47342.54450455737,34208.44350062152
2022-03-28,17845.45776851595,48454.605062386436,34735.08101225101
2022-03-29,17845.45776851595,49059.34275552821,35160.897577050484
2022-03-30,17845.45776851595,48553.041870386995,34943.18709078173
2022-03-31,17845.45776851595,47671.91944633192,34398.584734245145
2022-04-01,17845.45776851595,47936.98132742744,34515.88967016365
2022-04-04,17845.45776851595,49220.66906265753,34795.41178347137
2022-04-05,17845.45776851595,48022.92227086082,34364.21477586423
2022-04-06,17845.45776851595,46550.67907981637,34030.42634849814
2022-04-07,17845.45776851595,46436.46880635384,34179.42865062968
2022-04-08,17845.45776851595,45552.72160009882,34089.45608210643
2022-04-11,17845.45776851595,44339.4892965843,33514.0942347086
2022-04-12,17845.45776851595,44199.220215311376,33400.68888577914
2022-04-13,17845.45776851595,45189.09228152186,33780.292171495836
2022-04-14,17845.45776851595,44040.237431671274,33370.03517033354
2022-04-15,17845.45776851595,44040.16996128357,33370.03517033354
2022-04-18,17845.45776851595,44246.11193366573,33363.21265602628
2022-04-19,17845.45776851595,45262.287196997386,33899.43759964607
2022-04-20,18060.277848633035,44167.83934343256,34093.78661099422
2022-04-21,18060.277848633035,43245.94202142017,33593.54663048015
2022-04-22,18060.277848633035,42055.23802721262,32662.13245862464
2022-04-25,18060.277848633035,42683.63910846742,32848.707664998205
2022-04-26,18060.277848633035,40641.28589885844,31924.414738396714
2022-04-27,18060.277848633035,40122.302641323266,31991.74190765178
2022-04-28,18060.277848633035,41623.34027491263,32785.34029131043
2022-04-29,18060.277848633035,39325.80619878387,31598.06868347006
2022-05-02,18060.277848633035,40006.337688288564,31777.554578424828
2022-05-03,18060.277848633035,40042.028267301335,31931.28406117288
2022-05-04,18060.277848633035,41353.725507244846,32885.186749430955
2022-05-05,18060.277848633035,39071.5896702181,31716.369350143705
2022-05-06,18060.277848633035,38708.4627512036,31541.09517323405
2022-05-09,18060.277848633035,36935.08501294353,30532.947543549293
2022-05-10,18060.277848633035,37374.92108588132,30608.15882189972
2022-05-11,18060.277848633035,36338.33090105227,30105.374779179834
2022-05-12,18060.277848633035,36266.80591647125,30077.106238602515
2022-05-13,18060.277848633035,37720.265299465646,30798.438353158785
2022-05-16,18060.277848633035,36951.321551356115,30678.46293423804
2022-05-17,18060.277848633035,38000.95917756651,31298.894774111537
2022-05-18,18060.277848633035,36103.237998192104,30041.79096505334
2022-05-19,18060.277848633035,35993.47328334778,29869.749201908675
2022-05-20,18060.277848633035,35603.77780577646,29874.61733767776
2022-05-23,18060.277848633035,36184.070906642184,30432.558210230032
2022-05-24,18060.277848633035,34666.829163412076,30185.85159213762
2022-05-25,18060.277848633035,35191.763862184365,30471.61683890775
2022-05-26,18060.277848633035,36277.451721732694,31078.60453415371
2022-05-27,18060.277848633035,37718.551243679045,31853.05680949614
2022-05-30,18060.277848633035,37718.67852967088,31853.05680949614
2022-05-31,18060.277848633035,38120.97983625218,31656.01794978224
2022-06-01,18060.277848633035,38033.5039412437,31422.322595439902
2022-06-02,18060.277848633035,39371.264594731576,32006.928220400725
2022-06-03,18060.277848633035,38064.151822386244,31485.977373644706
2022-06-06,18060.277848633035,38604.161493082,31585.021937680813
2022-06-07,18060.277848633035,38678.499359330475,31886.700879002146
2022-06-08,18060.277848633035,38643.980989723306,31543.67471747902
2022-06-09,18060.277848633035,37561.160893259956,30796.039767313374
2022-06-10,18060.277848633035,36008.788735861206,29900.487292409696
2022-06-13,18060.277848633035,34183.32860041441,28741.446969005578
2022-06-14,18060.277848633035,34198.46190910159,28643.0180183484
2022-06-15,18060.277848633035,35354.00521113236,29061.872845702885
2022-06-16,18060.277848633035,33827.0961659843,28119.996794608982
2022-06-17,18060.277848633035,34355.96638185711,28182.489536032128
2022-06-20,18060.277848633035,34355.92214690464,28182.489536032128
2022-06-21,18060.277848633035,35508.20237641154,28873.919162108974
2022-06-22,18060.277848633035,35447.71332903337,28836.785434054244
2022-06-23,18060.277848633035,35866.63994998898,29112.95811154474
2022-06-24,18060.277848633035,37433.87731712299,30003.27521157435
2022-06-27,18060.277848633035,36863.80406808137,29914.98525359947
2022-06-28,18060.277848633035,35478.965155383186,29312.356526861015
2022-06-29,18060.277848633035,35467.71515201004,29294.77162826664
2022-06-30,18060.277848633035,34677.6838055953,29043.015916005574
2022-07-01,18060.277848633035,35022.30944894947,29349.88942785601
2022-07-04,18060.277848633035,35022.51534122891,29349.88942785601
2022-07-05,18060.277848633035,36149.77382072754,29401.70030139816
2022-07-06,18060.277848633035,36311.713539318385,29507.285979348457
2022-07-07,18060.277848633035,37400.54084330051,29952.301714155747
2022-07-08,18060.277848633035,37479.61544636372,29929.80964954928
2022-07-11,18060.277848633035,36243.28343629932,29585.295016484517
2022-07-12,18060.277848633035,35836.496723119526,29312.356526861015
2022-07-13,18060.277848633035,35629.74872686165,29182.281145501038
2022-07-14,18060.277848633035,35452.79775866998,29098.532888535192
2022-07-15,18060.277848633035,36065.56013364947,29657.307589007112
2022-07-18,18189.0478452761,35885.45583938764,29538.027972376556
2022-07-19,18189.0478452761,37228.75552477125,30355.3556844625
2022-07-20,18189.0478452761,37839.988302963146,30534.789989053283
2022-07-21,18189.0478452761,38502.5242784511,30838.662963906256
2022-07-22,18189.0478452761,37322.00366731665,30551.211702569744
2022-07-25,18189.0478452761,37087.680860905486,30591.389306342455
2022-07-26,18189.0478452761,35947.71730612485,30238.543417612902
2022-07-27,18189.0478452761,38077.91395514597,31029.811281589195
2022-07-28,18189.0478452761,38443.48464522971,31410.140732523407
2022-07-29,18189.0478452761,39846.97613841211,31859.802743453944
2022-08-01,18189.0478452761,39672.44188236638,31770.067772458984
2022-08-02,18189.0478452761,39705.733387125554,31558.55624491643
2022-08-03,18189.0478452761,40880.82430964719,32052.558307837393
2022-08-04,18189.0478452761,41103.8934219536,32030.4809390799
2022-08-05,18189.0478452761,40553.58287252378,31982.491617419124
2022-08-08,18189.0478452761,40505.126610185805,31943.47935659777
2022-08-09,18189.0478452761,40100.51611411656,31809.77139882336
2022-08-10,18189.0478452761,41376.44079319583,32488.42508156691
2022-08-11,18189.0478452761,41057.92576339623,32474.26634289483
2022-08-12,18189.0478452761,42060.2703388881,33040.99720994864
2022-08-15,18189.0478452761,42305.534569861986,33173.176323300606
2022-08-16,18333.8278440554,42445.43477027546,33381.85417870976
2022-08-17,18333.8278440554,41841.3660876592,33146.25631808492
2022-08-18,18333.8278440554,41927.346447108226,33226.52488108529
2022-08-19,18333.8278440554,40888.76533959736,32798.91027207555
2022-08-22,18333.8278440554,39694.89063231307,32100.402685177654
2022-08-23,18333.8278440554,39734.18792752162,32029.003537102613
2022-08-24,18333.8278440554,39814.52656263026,32123.05226453494
2022-08-25,18333.8278440554,40589.03572872575,32576.469784035606
2022-08-26,18333.8278440554,38772.19276639148,31479.926621599654
2022-08-29,18333.8278440554,38427.36960198393,31271.55979759776
2022-08-30,18333.8278440554,38061.0205896248,30929.19966562831
2022-08-31,18333.8278440554,37800.00626636204,30693.637597638375
2022-09-01,18333.8278440554,38040.04650793577,30790.911241474125
2022-09-02,18333.8278440554,37509.01605312497,30462.732151447388
2022-09-05,18333.8278440554,37508.97222477119,30462.732151447388
2022-09-06,18459.93784466575,37358.54727446092,30465.654640562905
2022-09-07,18459.93784466575,38264.0128435219,31025.29835623416
2022-09-08,18459.93784466575,38296.90259857163,31234.19702711109
2022-09-09,18459.93784466575,39288.56418801346,31713.93939127579
2022-09-12,18459.93784466575,39807.57003623363,32049.553101904203
2022-09-13,18459.93784466575,37516.30761475226,30664.730523725924
2022-09-14,18459.93784466575,37998.731503269184,30776.982739562067
2022-09-15,18459.93784466575,37442.81641532147,30431.758295546562
2022-09-16,18459.93784466575,37025.287558997195,30213.694564782905
2022-09-19,18459.93784466575,37375.250709004606,30421.198708900592
2022-09-20,18459.93784466575,36929.391899255366,30078.58900255864
2022-09-21,18459.93784466575,36075.22067317571,29565.72483079154
2022-09-22,18459.93784466575,35714.35053360441,29317.92317630132
2022-09-23,18459.93784466575,34923.399687103905,28813.37764418436
2022-09-26,18459.93784466575,34873.10086047852,28515.486241807364
2022-09-27,18459.93784466575,34861.65279317234,28456.820873179488
2022-09-28,18459.93784466575,35693.490724924035,29018.301194969237
2022-09-29,18459.93784466575,34510.519204979595,28409.342268825123
2022-09-30,18459.93784466575,33934.56091565659,27982.60090686419
2022-10-03,18459.93784466575,34406.07613194438,28707.12404989761
2022-10-04,18459.93784466575,35610.57582529683,29587.659874120433
2022-10-05,18459.93784466575,35401.77104987709,29530.83470575219
2022-10-06,18459.93784466575,35257.65826097436,29235.7395451759
2022-10-07,18459.93784466575,33927.73531143551,28417.991569459416
2022-10-10,18459.93784466575,33675.44255827884,28205.044098597235
2022-10-11,18459.93784466575,33184.97585824261,28021.64945319331
2022-10-12,18459.93784466575,33320.424858789374,27930.19114087665
2022-10-13,18459.93784466575,33813.01305374703,28659.131483361372
2022-10-14,18459.93784466575,32639.233562425237,27982.049206200412
2022-10-17,18459.93784466575,34104.4615779956,28723.060471677127
2022-10-18,18459.93784466575,34464.02506007627,29051.904617483327
2022-10-19,18459.93784466575,34293.59793814629,28857.98452977422
2022-10-20,18459.93784466575,34114.75313789675,28631.785460558174
2022-10-21,18459.93784466575,34875.35575869417,29311.629835179105
2022-10-24,18459.93784466575,35039.41394128233,29659.905705015746
2022-10-25,18459.93784466575,35810.69111592891,30142.553932285697
2022-10-26,18459.93784466575,34173.62122635817,29920.258100339055
2022-10-27,18459.93784466575,33277.4379390064,29738.81327649929
2022-10-28,18459.93784466575,33750.68041487752,30474.12243707001
2022-10-31,18459.93784466575,33309.40998585205,30248.108466122263
2022-11-01,18459.93784466575,32434.8493167069,30124.335230887362
2022-11-02,18459.93784466575,31062.493653841677,29371.32672231188
2022-11-03,18459.93784466575,30294.885413324966,29064.15884167305
2022-11-04,18459.93784466575,30718.075859078224,29466.170715574925
2022-11-07,18459.93784466575,30838.3905917402,29750.07551773658
2022-11-08,18459.93784466575,30862.630367450998,29916.872419392672
2022-11-09,18459.93784466575,29957.086139683557,29301.58241364448
2022-11-10,18459.93784466575,32452.11960626067,30928.173880422815
2022-11-11,18459.93784466575,33416.05428711917,31213.954824255372
2022-11-14,18580.737847717508,33114.46035344819,31062.847268244288
2022-11-15,18580.737847717508,33744.96712115725,31335.852455923774
2022-11-16,18580.737847717508,33405.17955183875,31084.424142308522
2022-11-17,18580.737847717508,33044.287317598304,30994.825992348095
2022-11-18,18580.737847717508,32809.157447688514,31143.244577257603
2022-11-21,18580.737847717508,32149.39947660678,31025.82741408053
2022-11-22,18580.737847717508,32539.437944242854,31447.954780389016
2022-11-23,18580.737847717508,33106.780967015715,31635.608637635403
2022-11-24,18580.737847717508,33106.741244033816,31635.608637635403
2022-11-25,18580.737847717508,32857.38238182458,31627.555195676978
2022-11-28,18580.737847717508,32550.05882758202,31139.329709638918
2022-11-29,18580.737847717508,32266.12405502483,31092.477584266973
2022-11-30,18580.737847717508,33999.86837463818,32063.205994091273
2022-12-01,18580.737847717508,33981.29562671118,32040.66934603019
2022-12-02,18580.737847717508,33863.24088045827,32004.941217771957
2022-12-05,18580.737847717508,33151.453510265754,31432.65612720634
2022-12-06,18580.737847717508,32359.02081764707,30981.230396783852
2022-12-07,18580.737847717508,31887.622805232477,30924.25734637007
2022-12-08,18580.737847717508,32038.438888326844,31161.31430724319
2022-12-09,18580.737847717508,31939.436575677846,30933.566432504824
2022-12-12,18580.737847717508,32097.313607366475,31375.462978244395
2022-12-13,18580.737847717508,32484.95779082789,31605.42266298299
2022-12-14,18580.737847717508,32188.166174780064,31420.204322457892
2022-12-15,18580.737847717508,31036.525134509226,30639.38848612817
2022-12-16,18580.737847717508,30723.40796107784,30300.433113808827
2022-12-19,18580.737847717508,30142.497172445528,30029.493605126303
2022-12-20,18580.737847717508,30110.965612705328,30061.748866948616
2022-12-21,18580.737847717508,30455.211154426845,30512.990580552127
2022-12-22,18580.737847717508,29618.818441196454,30071.983449437448
2022-12-23,18580.737847717508,29891.20576532877,30249.29628309385
2022-12-26,18580.737847717508,29891.135522028577,30249.29628309385
2022-12-27,18580.737847717508,29228.336648817083,30129.252370030703
2022-12-28,18580.737847717508,28817.620744392327,29767.3508220238
2022-12-29,18580.737847717508,29727.884381040418,30291.048256042774
2022-12-30,18580.737847717508,29717.68606524689,30215.895426369298
2023-01-02,18580.737847717508,29718.02262414453,30215.895426369298
2023-01-03,18580.737847717508,29687.87965664926,30096.11130175645
2023-01-04,18580.737847717508,29851.08354405386,30324.52127622572
2023-01-05,18580.737847717508,29371.106380511563,29976.215323783024
2023-01-06,18580.737847717508,30014.833335281677,30661.448855363757
2023-01-09,18580.737847717508,30368.28620403321,30643.674995557652
2023-01-10,18580.737847717508,30669.195288812178,30857.527796379403
2023-01-11,18580.737847717508,31567.990644994003,31254.715471461768
2023-01-12,18580.737847717508,31663.8460511095,31365.19050993989
2023-01-13,18580.737847717508,32059.588577024922,31491.70026887646
2023-01-16,18580.737847717508,32059.910349438676,31491.70026887646
2023-01-17,18580.737847717508,32032.8702726371,31427.81756732003
2023-01-18,18580.737847717508,31780.82791507264,30938.74055247272
2023-01-19,18580.737847717508,31837.11993688722,30706.30205293778
2023-01-20,18580.737847717508,33102.1756988731,31287.86014790895
2023-01-23,18580.737847717508,33810.51540152328,31659.624636593893
2023-01-24,18580.737847717508,33508.24180756727,31637.82766398149
2023-01-25,18580.737847717508,33299.86377030825,31632.397363736232
2023-01-26,18580.737847717508,34159.857094286825,31982.880848536362
2023-01-27,18580.737847717508,34977.77077775862,32063.24207582047
2023-01-30,18580.737847717508,34126.71061457182,31650.427403819667
2023-01-31,18580.737847717508,34764.95560794111,32114.488955809546
2023-02-01,18580.737847717508,35417.982604186436,32450.30521768809
2023-02-02,18580.737847717508,37393.11524457487,32929.07368250168
2023-02-03,18580.737847717508,36398.81564403122,32589.598733281768
2023-02-06,18580.737847717508,36055.329277519995,32391.672407730886
2023-02-07,18580.737847717508,36894.73563713353,32809.217394430394
2023-02-08,18580.737847717508,35599.918426276694,32446.686220248892
2023-02-09,18580.737847717508,34966.99078669448,32165.108013710436
2023-02-10,18580.737847717508,34507.96226370702,32242.29044065163
2023-02-13,18580.737847717508,34879.3269693219,32616.385809043164
2023-02-14,18580.737847717508,35209.46212103276,32611.215297248174
2023-02-15,18580.737847717508,35790.25934968988,32709.862744893086
2023-02-16,18580.737847717508,34944.31230677277,32261.799831632456
2023-02-17,18580.737847717508,34677.627799579815,32178.519592455727
2023-02-20,18580.737847717508,34678.00538573893,32178.519592455727
2023-02-21,18752.14786766982,33900.54181716134,31705.268181231255
2023-02-22,18752.14786766982,34015.01729468738,31655.933919019015
2023-02-23,18752.14786766982,34011.79632172588,31827.263369823995
2023-02-24,18752.14786766982,33402.42799201437,31493.260365679875
2023-02-27,18752.14786766982,33784.91520867356,31593.931427992506
2023-02-28,18752.14786766982,33826.806165345675,31501.208844870052
2023-03-01,18752.14786766982,33614.37362938542,31354.28713847009
2023-03-02,18752.14786766982,33781.49862701153,31596.866306890206
2023-03-03,18752.14786766982,34604.8360416268,32109.740928994175
2023-03-06,18752.14786766982,34705.87867359428,32133.031315302167
2023-03-07,18752.14786766982,34277.254236510365,31641.408263757756
2023-03-08,18752.14786766982,34334.068417028226,31688.921377383267
2023-03-09,18752.14786766982,33544.77762528342,31109.10684746699
2023-03-10,18752.14786766982,33046.935281108825,30661.097039566608
2023-03-13,18752.14786766982,33252.046451299415,30615.55018596894
2023-03-14,18752.14786766982,34172.02463135007,31127.34735562221
2023-03-15,18761.54786728835,34440.67287891267,30920.542191253517
2023-03-16,18761.54786728835,35543.43410082532,31468.16697825137
2023-03-17,18761.54786728835,35450.10478407973,31122.13424574606
2023-03-20,18761.54786728835,35493.42516863426,31399.980149623883
2023-03-21,18761.54786728835,36589.354738003545,31809.961168136324
2023-03-22,18761.54786728835,36023.1844228766,31288.64582805434
2023-03-23,18761.54786728835,36456.72405155628,31384.70615485575
2023-03-24,18761.54786728835,36378.19667245481,31561.883042610352
2023-03-27,18761.54786728835,35977.8975463996,31613.87050971614
2023-03-28,18761.54786728835,35707.24270319133,31564.85510288953
2023-03-29,18761.54786728835,36272.019169897416,32014.267631772724
2023-03-30,18761.54786728835,36499.68407993746,32201.59089381377
2023-03-31,18761.54786728835,37340.70712130796,32667.68542648625
2023-04-03,18761.54786728835,37200.6253954868,32788.567355619314
2023-04-04,18761.54786728835,37256.601869697464,32601.465455821293
2023-04-05,18761.54786728835,36776.69510999801,32524.28623968241
2023-04-06,18761.54786728835,37349.715195551784,32647.508802368702
2023-04-07,18761.54786728835,37349.84521183979,32647.508802368702
2023-04-10,18761.54786728835,37036.01686645215,32680.767572159588
2023-04-11,18771.64786766982,36730.873295697005,32689.528512415276
2023-04-12,18771.64786766982,36321.0944896223,32555.043872853883
2023-04-13,18771.64786766982,37400.8946212195,32991.95560094304
2023-04-14,18771.64786766982,37561.50350893685,32923.780368390624
2023-04-17,18771.64786766982,37313.79337475333,33033.250603632805
2023-04-18,18771.64786766982,37136.40825286072,33061.46304745356
2023-04-19,18771.64786766982,37117.96577220772,33058.6751991707
2023-04-20,18771.64786766982,36850.52642356539,32865.46061511938
2023-04-21,18771.64786766982,37102.14774095505,32895.71675501206
2023-04-24,18771.64786766982,37051.308133339495,32923.744068282766
2023-04-25,18771.64786766982,36298.66853445127,32404.572665795542
2023-04-26,18771.64786766982,36350.12459007307,32280.273836496766
2023-04-27,18771.64786766982,37658.87469759723,32912.66890537786
2023-04-28,18771.64786766982,37570.39493323474,33187.84550294288
2023-05-01,18771.64786766982,37327.15720914597,33175.09690506608
2023-05-02,18771.64786766982,37063.48933420559,32791.005463908965
2023-05-03,18771.64786766982,36910.912131904384,32561.882813172753
2023-05-04,18771.64786766982,36834.35605222929,32330.415175469487
2023-05-05,18771.64786766982,37457.03504036313,32929.544825517136
2023-05-08,18771.64786766982,37896.47018705689,32944.96874134246
2023-05-09,18771.64786766982,37758.008755485374,32796.432330032476
2023-05-10,18771.64786766982,38551.3995020827,32944.373419573734
2023-05-11,18771.64786766982,39279.4975180363,32895.45902424633
2023-05-12,18771.64786766982,39081.65267125214,32850.81352160204
2023-05-15,18771.64786766982,39098.70435975753,32952.47923365654
2023-05-16,18771.64786766982,39554.62754393635,32744.022234319164
2023-05-17,18771.64786766982,40156.86458399857,33139.82046025778
2023-05-18,18771.64786766982,40909.95325057756,33458.825808040485
2023-05-19,18771.64786766982,40762.866392974574,33411.28355678982
2023-05-22,18771.64786766982,41064.46479795166,33420.315023622796
2023-05-23,18771.64786766982,40437.418830703435,33045.890301186046
2023-05-24,18771.64786766982,40294.75462936886,32804.64704443886
2023-05-25,18771.64786766982,40714.9977698155,33093.02236121804
2023-05-26,18771.64786766982,41588.60119021877,33527.1825411322
2023-05-29,18771.64786766982,41589.04213571515,33527.1825411322
2023-05-30,19219.61783538798,42166.381895318475,33977.9403571332
2023-05-31,19219.61783538798,41986.577278874385,33777.435879912446
2023-06-01,19219.61783538798,42554.24149095388,34116.48403272651
2023-06-02,19219.61783538798,43022.493611980026,34614.34076591692
2023-06-05,19219.61783538798,43320.55726764972,34545.59679412795
2023-06-06,19219.61783538798,43704.43451175461,34627.78939395954
2023-06-07,19219.61783538798,42556.03176211269,34496.81608940335
2023-06-08,19219.61783538798,43013.41387898623,34714.23802843153
2023-06-09,19219.61783538798,43167.1610289752,34755.06947571629
2023-06-12,19219.61783538798,43841.72068346819,35079.08724171903
2023-06-13,19219.61783538798,44084.87873129032,35323.66761095474
2023-06-14,19219.61783538798,44122.73986685595,35360.91986921173
2023-06-15,19219.61783538798,44582.19762522857,35797.83106919368
2023-06-16,19219.61783538798,44242.67345422591,35667.04536858447
2023-06-19,19219.61783538798,44242.92682702546,35667.04536858447
2023-06-20,19219.61783538798,44401.11369976389,35498.330564105614
2023-06-21,19219.61783538798,43676.98298706795,35314.47501755251
2023-06-22,19219.61783538798,44538.95776070131,35448.64862473373
2023-06-23,19219.61783538798,44150.92818570228,35177.47631564025
2023-06-26,19338.33695066783,43243.43968541166,35139.045857996476
2023-06-27,19338.33695066783,43799.534966270294,35541.56925628606
2023-06-28,19338.33695066783,44105.53797585438,35529.01992792097
2023-06-29,19338.33695066783,43877.295354423084,35692.14643275153
2023-06-30,19338.33695066783,44470.46985559928,36131.36923455118
2023-07-03,19338.33695066783,44768.17478612151,36175.5133425649
2023-07-04,19338.33695066783,44768.98375543099,36175.5133425649
2023-07-05,19338.33695066783,45015.344880102544,36108.769370557195
2023-07-06,19338.33695066783,44442.00178329777,35825.45351879929
2023-07-07,19338.33695066783,44415.81827935526,35728.58008577857
2023-07-10,19338.33695066783,43912.83607475975,35814.757061857505
2023-07-11,19338.33695066783,44265.716578203275,36056.83729699927
2023-07-12,19338.33695066783,44884.97210832947,36324.88356891996
2023-07-13,19338.33695066783,46141.23097320946,36636.43171852041
2023-07-14,19338.33695066783,46258.12807455384,36600.11248584025
2023-07-17,19338.33695066783,46457.131720570644,36741.240756242616
2023-07-18,19338.33695066783,46491.28602684392,37002.672793919104
2023-07-19,19338.33695066783,46399.15502586486,37090.584530095584
2023-07-20,19338.33695066783,44940.9066972295,36843.55100122857
2023-07-21,19338.33695066783,44897.152378057835,36855.49500904899
2023-07-24,19447.106963725462,45248.808888746506,37113.55773790417
2023-07-25,19447.106963725462,45373.78047588119,37218.67484604378
2023-07-26,19447.106963725462,46152.10072490922,37213.44416306726
2023-07-27,19447.106963725462,46024.13472171228,36976.94177523712
2023-07-28,19447.106963725462,47183.286021117114,37345.73639061994
2023-07-31,19447.106963725462,47330.94584380407,37401.68581914586
2023-08-01,19447.106963725462,46901.54043843702,37302.9025387294
2023-08-02,19447.106963725462,45795.69511181262,36787.067613006635
2023-08-03,19447.106963725462,45762.39297489566,36695.06978333043
2023-08-04,19447.106963725462,46315.77255342784,36503.29658333135
2023-08-07,19447.106963725462,47088.754423916966,36833.6181002181
2023-08-08,19447.106963725462,46808.514056990454,36678.54112127085
2023-08-09,19447.106963725462,46116.282758746725,36423.54440070846
2023-08-10,19447.106963725462,46279.50828534907,36437.30409541739
2023-08-11,19447.106963725462,46068.21896000694,36403.52861666453
2023-08-14,19447.106963725462,46563.767037406986,36615.08438554295
2023-08-15,19447.106963725462,45884.40912911097,36197.76991044801
2023-08-16,19447.106963725462,45348.735100304846,35930.035199707105
2023-08-17,19447.106963725462,45044.045405600475,35659.87208979239
2023-08-18,19447.106963725462,44587.29092600006,35656.95504932142
2023-08-21,19990.31692206791,45755.00680646893,36446.14037336869
2023-08-22,19990.31692206791,45854.90625622017,36345.437870186
2023-08-23,19990.31692206791,46683.60431291718,36747.59777719805
2023-08-24,19990.31692206791,45657.511586154986,36254.04728591092
2023-08-25,19990.31692206791,45998.17530756112,36501.936730084
2023-08-28,19990.31692206791,46291.160760451225,36731.089601346044
2023-08-29,19990.31692206791,47469.361998614084,37265.11574983822
2023-08-30,19990.31692206791,47777.60797677489,37414.18912476388
2023-08-31,19990.31692206791,48083.467504863525,37363.086305867604
2023-09-01,19990.31692206791,47892.08462654708,37432.19667738911
2023-09-04,19990.31692206791,47892.55315770724,37432.19667738911
2023-09-05,20475.796963688903,48584.542228686325,37762.29393655989
2023-09-06,20475.796963688903,47996.941718136884,37500.02982411664
2023-09-07,20475.796963688903,48000.94477758611,37384.72254095837
2023-09-08,20475.796963688903,48140.68304579465,37440.73546153911
2023-09-11,20475.796963688903,49089.12651484266,37692.51951618986
2023-09-12,20475.796963688903,48495.23303340451,37479.290501612624
2023-09-13,20475.796963688903,48842.424091574234,37526.14431610955
2023-09-14,20475.796963688903,49260.2346819648,37853.04369962393
2023-09-15,20475.796963688903,48604.91373375034,37394.31181287235
2023-09-18,20475.796963688903,48584.501506376255,37421.869073446236
2023-09-19,20475.796963688903,48383.981455980684,37341.33289376662
2023-09-20,20475.796963688903,47364.83587244953,36993.03561528253
2023-09-21,20475.796963688903,46205.910848578635,36387.53723810893
2023-09-22,20475.796963688903,46061.6665446326,36304.54568709758
2023-09-25,20475.796963688903,46449.49800538185,36451.11803187947
2023-09-26,20475.796963688903,45510.854697869414,35916.36861005403
2023-09-27,20475.796963688903,45703.72014643282,35925.33357049766
2023-09-28,20475.796963688903,46126.02069130979,36141.798345744595
2023-09-29,20475.796963688903,46089.68964620606,36045.08716949384
2023-10-02,20475.796963688903,46822.762358344306,36048.086909973485
2023-10-03,20475.796963688903,45890.77394052565,35555.47851239903
2023-10-04,20475.796963688903,46763.68054313605,35843.94086593488
2023-10-05,20475.796963688903,46653.93906559574,35803.672776095074
2023-10-06,20475.796963688903,47395.46755113837,36232.51004103607
2023-10-09,20475.796963688903,47560.94664975838,36460.90144943366
2023-10-10,20475.796963688903,47768.16323588855,36651.518207095745
2023-10-11,20475.796963688903,48314.25041512648,36810.6414964987
2023-10-12,20475.796963688903,48003.58738700959,36584.6673916602
2023-10-13,20475.796963688903,47218.559163179896,36401.18072780318
2023-10-16,20475.796963688903,47818.25177756557,36787.953104038366
2023-10-17,20475.796963688903,47790.38832692793,36784.25291654318
2023-10-18,20475.796963688903,46832.61351995958,36291.37043100612
2023-10-19,20475.796963688903,46458.25402288789,35986.57700303155
2023-10-20,20475.796963688903,45639.48555224082,35534.81913221745
2023-10-23,20475.796963688903,46016.41583738809,35474.98420726922
2023-10-24,20475.796963688903,46607.57826820659,35733.46818989483
2023-10-25,20475.796963688903,44185.17579477865,35221.2548894394
2023-10-26,20475.796963688903,43182.75296993783,34805.04851144192
2023-10-27,20475.796963688903,43740.94419039977,34638.63905036633
2023-10-30,20475.796963688903,44465.30066936938,35057.765226521005
2023-10-31,20475.796963688903,44542.4244830319,35287.16923766935
2023-11-01,20475.796963688903,45391.81498077675,35658.04070529603
2023-11-02,20475.796963688903,46209.00982063428,36332.845269236874
2023-11-03,20475.796963688903,46648.20384356227,36675.88158154979
2023-11-06,20475.796963688903,47022.64174977002,36741.29343518163
2023-11-07,20475.796963688903,47528.93729748843,36846.310999410336
2023-11-08,20475.796963688903,47655.87674841692,36885.174388441774
2023-11-09,20475.796963688903,47137.940368471565,36594.13865347922
2023-11-10,20475.796963688903,48053.94374805484,37171.219438418535
2023-11-13,20475.796963688903,48081.83217617477,37142.45162267648
2023-11-14,20475.796963688903,49040.41155279739,37858.772899397874
2023-11-15,20475.796963688903,49100.07511623467,37926.20995853121
2023-11-16,20475.796963688903,49285.79425359301,37980.433693800514
2023-11-17,20475.796963688903,49240.044465977226,38029.94083204656
2023-11-20,20475.796963688903,49664.61534409065,38314.893336950154
2023-11-21,20475.796963688903,49597.28059505926,38238.373307278154
2023-11-22,20475.796963688903,49901.28787451778,38395.66553681982
2023-11-23,20475.796963688903,49896.976415949975,38395.66553681982
2023-11-24,20475.796963688903,49619.42694944546,38419.44266757604
2023-11-27,20729.93696307855,49941.27756160239,38599.16778511764
2023-11-28,20729.93696307855,50219.79302922515,38637.15064347226
2023-11-29,20729.93696307855,49786.0735362606,38607.29164102075
2023-11-30,20729.93696307855,49384.2839772104,38765.03239781159
2023-12-01,20729.93696307855,49404.02722906824,38996.037306023114
2023-12-04,20729.93696307855,48705.59899588917,38785.24240537439
2023-12-05,20729.93696307855,49227.93368430671,38764.83696542898
2023-12-06,20729.93696307855,48849.27961585365,38614.47282307853
2023-12-07,20729.93696307855,50153.779669661846,38928.34872551703
2023-12-08,20729.93696307855,50156.1599745435,39088.68375138633
2023-12-11,20729.93696307855,49819.16147984307,39242.26678003801
2023-12-12,20729.93696307855,50009.59062260802,39424.34078446321
2023-12-13,20729.93696307855,50357.9425297347,39963.258991440896
2023-12-14,20729.93696307855,50340.943000779844,40078.27286459025
2023-12-15,20729.93696307855,50708.69537967416,40077.44898297744
2023-12-18,20729.93696307855,51460.71250357329,40259.400363162575
2023-12-19,20729.93696307855,51785.45619927696,40498.80503181733
2023-12-20,20729.93696307855,51420.62017106903,39908.83298889746
2023-12-21,20729.93696307855,52089.02344259473,40320.02655384343
2023-12-22,20729.93696307855,52117.67367883811,40387.01004496922
2023-12-25,20729.93696307855,52117.84692411752,40387.01004496922
2023-12-26,20729.93696307855,52276.396876060775,40558.136003962725
2023-12-27,20729.93696307855,52206.91760082893,40619.425131941316
2023-12-28,20729.93696307855,52112.40503838176,40639.00669027387
2023-12-29,20729.93696307855,51794.97239643357,40526.15406935537
2024-01-01,20729.93696307855,51795.008999694444,40526.15406935537
2024-01-02,20729.93696307855,51017.84585294076,40298.01550275492
2024-01-03,20729.93696307855,50677.85344894801,39976.640361636055
2024-01-04,20729.93696307855,50102.84982044694,39844.83463161527
2024-01-05,20729.93696307855,50119.57893895208,39917.62361410583
2024-01-08,20729.93696307855,51242.54048988619,40481.77175847325
2024-01-09,20729.93696307855,51604.690614430394,40427.663812552404
2024-01-10,20729.93696307855,52126.542633338795,40657.36967022095
2024-01-11,20729.93696307855,52164.30636125941,40631.55343568349
2024-01-12,20729.93696307855,52083.98012406106,40665.5318461991
2024-01-15,20729.93696307855,52081.5468605616,40665.5318461991
2024-01-16,20729.93696307855,51902.61684173916,40514.38214231084
2024-01-17,20729.93696307855,51532.82256279424,40287.653754470935
2024-01-18,20729.93696307855,52156.570421965145,40645.67821533393
2024-01-19,20729.93696307855,53021.25889259101,41148.53723172275
2024-01-22,20835.426969263804,52930.409817269916,41344.2786785828
2024-01-23,20835.426969263804,53195.40459372954,41465.99489941504
2024-01-24,20835.426969263804,53621.86333216716,41500.06406949077
2024-01-25,20835.426969263804,53782.74617335833,41720.722262146526
2024-01-26,20835.426969263804,53933.14780420513,41693.579875296586
2024-01-29,20835.426969263804,54561.0669475665,42009.361280748424
2024-01-30,20835.426969263804,54059.2944374152,41987.52827516201
2024-01-31,20835.426969263804,52040.00907373026,41312.5683797775
2024-02-01,20835.426969263804,52671.913709625376,41830.91305331849
2024-02-02,20835.426969263804,54215.900346367795,42279.82469677614
2024-02-05,20835.426969263804,54234.02764963722,42145.518864944985
2024-02-06,20835.426969263804,54298.10120868102,42244.10354844906
2024-02-07,20835.426969263804,54930.396916473954,42592.81310644031
2024-02-08,20835.426969263804,55166.29447217749,42622.51798048472
2024-02-09,20835.426969263804,55959.720166263614,42871.34432323015
2024-02-12,20835.426969263804,55537.49786314896,42831.216618962986
2024-02-13,20835.426969263804,54571.57389088706,42250.55394724891
2024-02-14,20835.426969263804,55174.952693444306,42663.27189976345
2024-02-15,20835.426969263804,55038.18076838176,42921.30321899753
2024-02-16,20835.426969263804,54446.94618196828,42721.928653114424
2024-02-19,20835.426969263804,54445.935709882324,42721.928653114424
2024-02-20,21075.296964380992,54290.80122440937,42706.75625708934
2024-02-21,21075.296964380992,54515.470395772434,42762.65738282888
2024-02-22,21075.296964380992,55915.32342837174,43668.20230337137
2024-02-23,21075.296964380992,55453.66188508044,43684.34404802131
2024-02-26,21075.296964380992,54743.50808029999,43520.55440640123
2024-02-27,21075.296964380992,54904.40267857225,43595.48718224737
2024-02-28,21075.296964380992,54544.074465349964,43527.28077725702
2024-02-29,21075.296964380992,55122.69127508931,43764.29938682696
2024-03-01,21075.296964380992,55347.26091891098,44117.312156192136
2024-03-04,21075.296964380992,54554.37865749191,44066.236554403746
2024-03-05,21075.296964380992,53772.66557973793,43618.11576013506
2024-03-06,21075.296964380992,53674.02072865386,43845.560592002104
2024-03-07,21075.296964380992,54670.90570445586,44303.452202982095
2024-03-08,21075.296964380992,54412.86994494656,44017.339972237765
2024-03-11,21075.296964380992,54371.25624801965,43968.04544854502
2024-03-12,21075.296964380992,55141.20362553231,44461.97974402457
2024-03-13,21075.296964380992,55153.327361365344,44378.26521001922
2024-03-14,21075.296964380992,55530.71044692034,44261.75333988811
2024-03-15,21075.296964380992,54698.48480040811,43976.274724778705
2024-03-18,21075.296964380992,55881.18682948103,44254.59425591582
2024-03-19,21075.296964380992,56009.20051626983,44504.5903954712
2024-03-20,21075.296964380992,56807.18074216217,44906.77791972009
2024-03-21,21075.296964380992,56573.854145625926,45053.15858542043
2024-03-22,21075.296964380992,56998.15199777655,44992.234896721406
2024-03-25,21075.296964380992,56923.50324369497,44854.75575798932
2024-03-26,21075.296964380992,56880.083053856244,44729.22259208095
2024-03-27,21075.296964380992,57040.68045366627,45120.6541045765
2024-03-28,21075.296964380992,56874.54282635573,45172.401957099486
2024-03-29,21075.296964380992,56874.54531043944,45172.401957099486
2024-04-01,21075.296964380992,57410.84280143992,45081.60560932121
2024-04-02,21075.296964380992,57088.84635440955,44756.483518421264
2024-04-03,21075.296964380992,57400.59422595705,44807.43935140064
2024-04-04,21075.296964380992,56437.3215182398,44260.33156821959
2024-04-05,21075.296964380992,57292.87890047486,44751.735264669514
2024-04-08,21075.296964380992,57566.556379265545,44735.751923928336
2024-04-09,21075.296964380992,57809.69287737961,44806.84437086543
2024-04-10,21075.296964380992,57632.73483803593,44383.925252123605
2024-04-11,21075.296964380992,58680.48284863881,44715.45690606188
2024-04-12,21075.296964380992,57852.61018211974,44069.99574960345
2024-04-15,21075.296964380992,56758.91319256439,43540.77215406832
2024-04-16,21075.296964380992,56611.10425311913,43451.28167265946
2024-04-17,21075.296964380992,56364.15200974856,43200.06080044401
2024-04-18,21075.296964380992,56186.7506013259,43107.40610437068
2024-04-19,21075.296964380992,55027.62538392565,42731.91929751658
2024-04-22,21476.256924724516,56019.8509920034,43505.990006083324
2024-04-23,21476.256924724516,56924.73788154334,44027.439799407286
2024-04-24,21476.256924724516,56970.54985194131,44037.02464275619
2024-04-25,21476.256924724516,56252.60915061435,43836.335648535176
2024-04-26,21476.256924724516,58727.592912047825,44284.59280163983
2024-04-29,21476.256924724516,58496.35763481265,44427.624556740775
2024-04-30,21476.256924724516,57174.56876885474,43730.36034841583
2024-05-01,21476.256924724516,57406.52718554446,43580.42267078799
2024-05-02,21476.256924724516,58510.80601614241,43978.92676600459
2024-05-03,21476.256924724516,59312.75867976869,44533.35809108001
2024-05-06,21476.256924724516,59966.89176456026,44994.436629429256
2024-05-07,21476.256924724516,60189.6322264895,45057.24503944591
2024-05-08,21476.256924724516,59790.16658626238,45057.04616759449
2024-05-09,21476.256924724516,60075.4530750051,45295.18936049992
2024-05-10,21476.256924724516,59763.93490546677,45377.00757984368
2024-05-13,21476.256924724516,59815.24982972271,45366.70523805044
2024-05-14,21476.256924724516,60190.652821880394,45592.951214903165
2024-05-15,21476.256924724516,60657.131944878085,46135.684195777314
2024-05-16,21476.256924724516,60599.99080163213,46049.11644868783
2024-05-17,21476.256924724516,60895.08007312557,46104.6991814362
2024-05-20,21476.256924724516,61080.60666636568,46150.85694820638
2024-05-21,21476.256924724516,61423.40454094081,46267.49333934121
2024-05-22,21476.256924724516,61099.91079513089,46142.870878564994
2024-05-23,21476.256924724516,60525.741573567546,45804.02443932686
2024-05-24,21476.256924724516,61110.954502393884,46125.779597686895
2024-05-27,21476.256924724516,61111.66784793318,46125.779597686895
2024-05-28,21476.256924724516,61555.48882190112,46137.321963965514
2024-05-29,21476.256924724516,61370.860210958665,45797.9529986864
2024-05-30,21476.256924724516,60528.6766877327,45528.980769362504
2024-05-31,21476.256924724516,60454.279716063174,45898.73813342849
2024-06-03,21558.33691848355,60969.27100601274,46037.477107602375
2024-06-04,21558.33691848355,61215.991553571424,46109.15978232526
2024-06-05,21558.33691848355,62020.42034318837,46656.14351420785
2024-06-06,21558.33691848355,62393.50191778535,46647.42440085738
2024-06-07,21558.33691848355,62099.44965332357,46603.903055947965
2024-06-10,21558.33691848355,62324.219960566064,46728.1074506517
2024-06-11,21558.33691848355,62780.477648779175,46855.15180745482
2024-06-12,21558.33691848355,63429.0865904578,47254.64892439667
2024-06-13,21558.33691848355,63056.85411634142,47366.05200438289
2024-06-14,21558.33691848355,63337.652998182144,47359.051712660636
2024-06-17,21558.33691848355,63809.70374203266,47727.91083407927
2024-06-18,21558.33691848355,63496.18939054847,47849.712784916264
2024-06-19,21558.33691848355,63495.20651015437,47849.712784916264
2024-06-20,21558.33691848355,63543.56890850469,47729.18823106207
2024-06-21,21558.33691848355,64003.52182946806,47657.10710223449
2024-06-24,21558.33691848355,63424.65395178663,47514.14020689347
2024-06-25,21558.33691848355,64538.17348014515,47700.9878371207
2024-06-26,21558.33691848355,65186.826890958306,47776.11206151282
2024-06-27,21558.33691848355,65677.25488942361,47819.99279639907
2024-06-28,21558.33691848355,64712.38661964604,47630.5864657934
2024-07-01,21558.33691848355,65328.82184540065,47759.50980714923
2024-07-02,21558.33691848355,66268.54387043398,48055.60417750179
2024-07-03,21558.33691848355,66668.25813097546,48301.3331677343
2024-07-04,21558.33691848355,66669.54170706814,48301.3331677343
2024-07-05,21558.33691848355,67833.2676008465,48572.18429862859
2024-07-08,21558.33691848355,67648.63738962226,48623.10438936497
2024-07-09,21558.33691848355,67841.85548549278,48660.309064790614
2024-07-10,21558.33691848355,68412.8616769989,49162.88860247294
2024-07-11,21558.33691848355,66428.10038818157,48733.909788194076
2024-07-12,21558.33691848355,66619.26669106055,49002.80380627984
2024-07-15,21558.33691848355,66900.97445575052,49146.24728398145
2024-07-16,21558.33691848355,66692.26824104035,49460.29943393622
2024-07-17,21558.33691848355,65049.00684182705,48771.99340649781
2024-07-18,21558.33691848355,64300.28339136167,48391.016592600114
2024-07-19,21558.33691848355,63980.73649034883,48048.44372285506
2024-07-22,22001.276920924956,65329.56980172277,49011.96401312173
2024-07-23,22001.276920924956,65524.68784826511,48935.59095898468
2024-07-24,22001.276920924956,62672.89791016221,47803.43355621727
2024-07-25,22001.276920924956,61658.60932903126,47558.045600865866
2024-07-26,22001.276920924956,62035.78476189275,48088.74253558255
2024-07-29,22001.276920924956,62581.09686436396,48128.50193601751
2024-07-30,22001.276920924956,62125.6067178597,47889.977069716006
2024-07-31,22001.276920924956,63399.70136041788,48650.037573231624
2024-08-01,22001.276920924956,62488.24776610726,47985.80802594973
2024-08-02,22001.276920924956,60174.25734830051,47104.36427256375
2024-08-05,22001.276920924956,57989.420119859984,45694.68735853134
2024-08-06,22001.276920924956,58341.48209294447,46168.42972082246
2024-08-07,22001.276920924956,58144.79946527176,45812.88149924523
2024-08-08,22001.276920924956,59566.355905932374,46868.86689183971
2024-08-09,22001.276920924956,60083.26167867431,47093.50789850093
2024-08-12,22001.276920924956,60009.184235089655,47101.98328130232
2024-08-13,22001.276920924956,61305.884849105925,47895.99262048575
2024-08-14,22001.276920924956,60889.42263494236,48080.58645790062
2024-08-15,22001.276920924956,62191.18062093297,48870.39752606846
2024-08-16,22001.276920924956,62426.236448451906,48974.54618356309
2024-08-19,22001.276920924956,63428.81182207838,49455.95581076065
2024-08-20,22001.276920924956,63430.84721509626,49359.31673663193
2024-08-21,22001.276920924956,63540.879079801,49570.75585631547
2024-08-22,22001.276920924956,62569.708383275574,49128.86516520362
2024-08-23,22001.276920924956,63335.68068064277,49693.6725591671
2024-08-26,22001.276920924956,62992.27415846696,49538.06058889457
2024-08-27,22001.276920924956,62827.1429077962,49621.05232569372
2024-08-28,22001.276920924956,62159.68760245283,49324.725348686625
2024-08-29,22001.276920924956,62042.36307608433,49325.32848057898
2024-08-30,22001.276920924956,62936.38998577845,49830.11045411591
2024-09-02,22001.276920924956,62934.9031758749,49830.11045411591
2024-09-03,22001.276920924956,61153.014284595825,48781.149774150275
2024-09-04,22001.276920924956,60893.19243911705,48704.93834359226
2024-09-05,22001.276920924956,61417.00455653696,48559.73729703065
2024-09-06,22001.276920924956,59442.427754984536,47727.58479320234
2024-09-09,22001.276920924956,59874.969452304664,48285.328054151825
2024-09-10,22001.276920924956,60388.67546826484,48502.6211010261
2024-09-11,22001.276920924956,61546.9772374509,49020.43939592313
2024-09-12,22001.276920924956,62419.3787261106,49388.62185093227
2024-09-13,22001.276920924956,62802.42579924727,49663.92199451484
2024-09-16,22001.276920924956,62643.89927475046,49736.38060440921
2024-09-17,22001.276920924956,63032.37958982833,49750.670494016296
2024-09-18,22001.276920924956,63004.03060445998,49607.40893040272
2024-09-19,22001.276920924956,64432.97303675915,50452.40065366555
2024-09-20,22001.276920924956,64568.383509399224,50354.91798329518
2024-09-23,22001.276920924956,64741.6472248903,50496.88655827674
2024-09-24,22001.276920924956,65162.92570980833,50623.958169720274
2024-09-25,22001.276920924956,65109.03532835853,50530.02727604948
2024-09-26,22001.276920924956,65360.371959367025,50737.1459215236
2024-09-27,22001.276920924956,65244.816791558944,50675.184960187486
2024-09-30,22001.276920924956,65511.86663890965,50894.334707201044
2024-10-01,22001.276920924956,65053.51927446972,50421.23883922592
2024-10-02,22001.276920924956,64849.260757136915,50431.24767500862
2024-10-03,22001.276920924956,64634.31008273029,50346.63970241938
2024-10-04,22001.276920924956,65615.96227304073,50808.91861671682
2024-10-07,22001.276920924956,64342.36890201876,50322.50260060869
2024-10-08,22001.276920924956,65152.32944843193,50810.29044611909
2024-10-09,22001.276920924956,65149.76024901817,51173.22604786838
2024-10-10,22001.276920924956,65215.78341787397,51075.053520758374
2024-10-11,22001.276920924956,65230.00501101548,51384.58238474316
2024-10-14,22001.276920924956,65611.11040196718,51780.6192838801
2024-10-15,22001.276920924956,65428.60071026619,51390.960603056024
2024-10-16,22001.276920924956,65434.23085599333,51632.11086700668
2024-10-17,22001.276920924956,65246.202730380384,51623.797107784296
2024-10-18,22001.276920924956,65679.14590103086,51831.7632915385
2024-10-21,22001.276920924956,65941.81634519246,51739.283068040255
2024-10-22,22001.276920924956,66111.47924671511,51714.94492226539
2024-10-23,22001.276920924956,64917.28123026848,51240.47722488799
2024-10-24,22001.276920924956,65792.41390403442,51350.39308472609
2024-10-25,22001.276920924956,66420.48189470453,51335.417280417925
2024-10-28,22579.436832683175,67178.66159286148,52050.33833428292
2024-10-29,22579.436832683175,67906.17449310882,52134.34598628194
2024-10-30,22579.436832683175,68404.24021782762,51962.61942082372
2024-10-31,22579.436832683175,67026.66602411431,50999.309886033334
2024-11-01,22579.436832683175,67928.74306104226,51210.186074262834
2024-11-04,22579.436832683175,67387.5126888167,51068.66383542494
2024-11-05,22579.436832683175,68289.99947906603,51695.61588419594
2024-11-06,22579.436832683175,70652.75546696759,53003.52660930178
2024-11-07,22579.436832683175,71903.10787572009,53398.66234476254
2024-11-08,22579.436832683175,71847.46384220975,53610.678619756385
2024-11-11,22579.436832683175,72494.86170552646,53662.64425283313
2024-11-12,22579.436832683175,72733.42008379016,53510.59016353585
2024-11-13,22579.436832683175,72785.64656985445,53525.36744198135
2024-11-14,22579.436832683175,71931.6252013775,53207.86922338183
2024-11-15,22579.436832683175,70613.32247015675,52512.420283451145
2024-11-18,22579.436832683175,71261.81213232043,52726.23438757338
2024-11-19,22579.436832683175,72171.3156282535,52935.88677637403
2024-11-20,22579.436832683175,71795.07657907215,52938.701116428674
2024-11-21,22579.436832683175,70793.78516713272,53229.463104509196
2024-11-22,22579.436832683175,70507.99268802459,53416.33767592718
2024-11-25,22579.436832683175,70784.25763908532,53577.98284478744
2024-11-26,22579.436832683175,71669.46629139014,53888.253870017215
2024-11-27,22579.436832683175,71392.49310329682,53686.645869644664
2024-11-28,22579.436832683175,71392.91457558725,53686.645869644664
2024-11-29,22579.436832683175,71919.5220770593,53992.99834491173
2024-12-02,22579.436832683175,72850.83725605042,54131.58266785684
2024-12-03,22579.436832683175,73166.60920007643,54157.095098946986
2024-12-04,22579.436832683175,74282.76392276863,54485.89851357339
2024-12-05,22579.436832683175,74404.78551380256,54387.36073480503
2024-12-06,22579.436832683175,75543.83434599618,54529.24971483983
2024-12-09,22579.436832683175,75214.24182909876,54201.83353865397
2024-12-10,22579.436832683175,76388.92692612916,54042.309090628114
2024-12-11,22579.436832683175,78768.4776034485,54484.38769929476
2024-12-12,22579.436832683175,77957.04251551811,54189.384269545495
2024-12-13,22579.436832683175,77603.63709961632,54194.76978429591
2024-12-16,22579.436832683175,79142.01645879916,54407.934118688805
2024-12-17,22579.436832683175,79120.5572676196,54198.81191009672
2024-12-18,22579.436832683175,75989.00810779558,52601.366982656524
2024-12-19,22579.436832683175,76221.05471833175,52555.97478690287
2024-12-20,22579.436832683175,76752.43460802009,53129.7812526592
2024-12-23,22579.436832683175,77585.94035093728,53520.18124309881
2024-12-24,22579.436832683175,78824.57943430672,54111.13285981115
2024-12-25,22579.436832683175,78824.6596077393,54111.13285981115
2024-12-26,22579.436832683175,78440.96713288545,54093.53725499366
2024-12-27,22579.436832683175,77149.45779580237,53500.138039423604
2024-12-30,22579.436832683175,76278.79205738645,52927.965963784045
2024-12-31,22579.436832683175,75468.74255213593,52705.90815536577
2025-01-01,22579.436832683175,75468.74255213593,52705.90815536577
2025-01-02,22579.436832683175,75175.41863371375,52590.631830011895
2025-01-03,22579.436832683175,76461.79180082312,53257.21983227183
2025-01-06,22579.436832683175,77755.54790236687,53556.26538782194
2025-01-07,22579.436832683175,76289.77421620926,52962.132689858045
2025-01-08,22579.436832683175,76165.78259102289,53045.97690284539
2025-01-09,22579.436832683175,76165.49386147398,53045.97690284539
2025-01-10,22579.436832683175,75123.90777501045,52238.803446326674
2025-01-13,22579.436832683175,74904.6862290766,52321.136845035384
2025-01-14,22579.436832683175,74458.1091735118,52381.266456061014
2025-01-15,22579.436832683175,76687.97021331122,53345.71607761579
2025-01-16,22579.436832683175,75714.72463421861,53233.99554734507
2025-01-17,22579.436832683175,76970.42951715141,53766.93827386622
2025-01-20,22579.436832683175,76971.60648112439,53766.93827386622
2025-01-21,22579.436832683175,77352.47045407986,54239.75537567912
2025-01-22,22579.436832683175,77992.09938542014,54573.58155017632
2025-01-23,22579.436832683175,78338.07219005952,54864.423264603996
2025-01-24,22579.436832683175,78376.9010853747,54712.97908186249
2025-01-27,22771.746845786052,76893.40804779028,54107.99771917671
2025-01-28,22771.746845786052,78280.08678396279,54606.79255074705
2025-01-29,22771.746845786052,78022.11332763168,54351.578355594334
2025-01-30,22771.746845786052,78769.42726446404,54639.15288658199
2025-01-31,22771.746845786052,79182.32436236375,54366.85640264015
2025-02-03,22771.746845786052,78198.21024262616,53956.505421315735
2025-02-04,22771.746845786052,79660.56202810042,54346.661696830444
2025-02-05,22771.746845786052,77596.98019649659,54559.59822736408
2025-02-06,22771.746845786052,78002.59931788978,54758.404864688535
2025-02-07,22771.746845786052,76377.97869737772,54243.795914246235
2025-02-10,22771.746845786052,76934.84686434461,54615.80575839156
2025-02-11,22771.746845786052,76495.23436991713,54635.67242024792
2025-02-12,22771.746845786052,76410.75500719776,54492.701264101386
2025-02-13,22771.746845786052,77543.10493744448,55061.42546523469
2025-02-14,22771.746845786052,77641.53978754113,55070.314656262664
2025-02-17,22771.746845786052,77643.23017420055,55070.314656262664
2025-02-18,22771.746845786052,77273.67043564317,55213.3658231295
2025-02-19,22771.746845786052,77439.93682120048,55345.56353578444
2025-02-20,22771.746845786052,76767.5356750073,55113.08438681172
2025-02-21,22771.746845786052,74949.25264443459,54174.60664384626
2025-02-24,22771.746845786052,74355.6840269873,53907.34683474879
2025-02-25,22771.746845786052,73200.84035943657,53655.981155243644
2025-02-26,22771.746845786052,72952.6462043779,53664.42228623778
2025-02-27,22771.746845786052,71119.8249725146,52813.528278274745
2025-02-28,22771.746845786052,72331.24436146977,53657.49735839381
2025-03-03,22771.746845786052,70591.74726945753,52718.2835168013
2025-03-04,22771.746845786052,70481.91744104016,52074.75729323732
2025-03-05,22771.746845786052,71565.25496533338,52656.99930556935
2025-03-06,22771.746845786052,69681.54126292083,51720.19778719462
2025-03-07,22771.746845786052,69744.4645715145,52013.473082005345
2025-03-10,22771.746845786052,66617.3345539837,50619.78634736591
2025-03-11,22771.746845786052,66534.90726351201,50237.24709242595
2025-03-12,22771.746845786052,67725.44474295872,50483.82012978367
2025-03-13,22771.746845786052,65995.55623020139,49786.710726818885
2025-03-14,22771.746845786052,67629.58735128997,50855.70595731248
2025-03-17,22771.746845786052,67419.31804752756,51185.64216417554
2025-03-18,22771.746845786052,66015.47464625949,50642.19334959253
2025-03-19,22771.746845786052,67214.95092896033,51189.41066910286
2025-03-20,22771.746845786052,67036.44108249866,51083.84052417166
2025-03-21,22771.746845786052,67631.9665289013,51127.346353347675
2025-03-24,22771.746845786052,69564.82644406054,52029.899282887796
2025-03-25,22771.746845786052,70477.0592626841,52113.87853493961
2025-03-26,22771.746845786052,68679.33185429759,51532.45663249094
2025-03-27,22771.746845786052,68276.72855631707,51362.24182607418
2025-03-28,22771.746845786052,65772.64851314509,50350.110214514665
2025-03-31,22771.746845786052,65614.0477528229,50634.204279168196
2025-04-01,22771.746845786052,66467.35665449814,50826.94610389212
2025-04-02,22771.746845786052,67049.08060875391,51170.40012195389
2025-04-03,22771.746845786052,63048.433005194835,48696.29262595855
2025-04-04,22771.746845786052,59845.159253217564,45793.191650803325
2025-04-07,22771.746845786052,60125.03684308478,45687.00542332566
2025-04-08,22771.746845786052,58975.54150924772,44969.8653365278
2025-04-09,22771.746845786052,65945.76925294533,49249.57075753337
2025-04-10,22771.746845786052,63148.221169241486,47553.63952633488
2025-04-11,22771.746845786052,64372.16412782546,48415.186961709114
2025-04-14,22771.746845786052,64481.42069315966,48799.93451252992
2025-04-15,22771.746845786052,64148.40805605641,48720.21583133539
2025-04-16,22771.746845786052,62411.196265086095,47629.713719218715
2025-04-17,22771.746845786052,62097.23671629133,47693.662287437466
2025-04-18,22771.746845786052,62097.39868889407,47693.662287437466
2025-04-21,22771.746845786052,60444.329818333805,46573.58421255316
2025-04-22,22771.746845786052,62311.34262415748,47744.58110985155
2025-04-23,22771.746845786052,64138.863533146985,48541.031823170306
2025-04-24,22771.746845786052,65875.46990218565,49524.44758720563
2025-04-25,22771.746845786052,67068.3378858361,49889.78053673992
2025-04-28,22771.746845786052,66867.13728568697,49922.67294386506
2025-04-29,22771.746845786052,67062.57243010271,50212.50377716583
2025-04-30,22771.746845786052,66775.68738645932,50290.83027182673
2025-05-01,22771.746845786052,67826.05392901509,50608.232799351135
2025-05-02,22771.746845786052,68720.53443089307,51355.15687678951
2025-05-05,22771.746845786052,68115.02509583275,51030.05331743399
2025-05-06,22771.746845786052,67622.25686428738,50638.096800711945
2025-05-07,22771.746845786052,66725.90588028629,50858.57434163613
2025-05-08,22771.746845786052,67446.42194373009,51153.60587175792
2025-05-09,22771.746845786052,67361.89617463807,51126.19819951102
2025-05-12,22771.746845786052,70540.80028044393,52796.854044159256
2025-05-13,22771.746845786052,71611.3568853798,53180.94550707346
2025-05-14,22771.746845786052,72633.73892775757,53237.8491313677
2025-05-15,22771.746845786052,72038.68570019517,53471.104384327584
2025-05-16,22771.746845786052,72642.59386846336,53852.73951812784
2025-05-19,22771.746845786052,72631.29706226657,53907.754889422446
2025-05-20,22771.746845786052,72008.02140252183,53699.691011756506
2025-05-21,22771.746845786052,71829.92585007865,52834.91114328127
2025-05-22,22771.746845786052,72384.09235436528,52812.50414105457
2025-05-23,22771.746845786052,71589.8505236938,52461.389096521794
2025-05-26,22771.746845786052,71591.39650590417,52461.389096521794
2025-05-27,22771.746845786052,73525.49679408438,53539.10949606674
2025-05-28,22771.746845786052,73235.1208582546,53241.49361967845
2025-05-29,22771.746845786052,73344.39763007325,53455.906348002056
2025-05-30,22771.746845786052,73156.54757161494,53456.39841393205
2025-06-02,22771.746845786052,73202.7480047479,53682.16066293361
2025-06-03,22771.746845786052,72893.76431400132,53994.35849310091
2025-06-04,22771.746845786052,73349.84306141359,54000.58332714203
2025-06-05,22771.746845786052,72594.91823079443,53719.969728822565
2025-06-06,22771.746845786052,74156.51540248042,54278.49256311464
2025-06-09,22771.746845786052,74702.30395779543,54333.0598743754
2025-06-10,22771.746845786052,75383.61188275623,54632.76403056414
2025-06-11,22771.746845786052,74806.1881088537,54483.56804037643
2025-06-12,22771.746845786052,74549.17276222487,54692.40802202947
2025-06-13,22771.746845786052,73877.77655984959,54083.70246395041
2025-06-16,22771.746845786052,74915.60697358384,54600.56371616983
2025-06-17,22771.746845786052,74242.78261221992,54146.21483973936
2025-06-18,22771.746845786052,73858.2673247899,54131.30484200703
2025-06-19,22771.746845786052,73857.98143659096,54131.30484200703
2025-06-20,22771.746845786052,72832.33356697479,54016.437451374244
2025-06-23,22771.746845786052,73381.09305426471,54536.3311098939
2025-06-24,22771.746845786052,74298.6856493047,55144.05253611305
2025-06-25,22771.746845786052,74648.6759501661,55144.34057470623
2025-06-26,22771.746845786052,75686.69405660359,55587.25991973846
2025-06-27,22771.746845786052,76978.99578751923,55881.431334616835
2025-06-30,22947.976826201437,76861.53892996206,56351.01662056321
2025-07-01,22947.976826201437,76192.9035465499,56289.25120798607
2025-07-02,22947.976826201437,76827.92963149714,56557.84306675915
2025-07-03,22947.976826201437,77439.36601423348,57038.39812230309
2025-07-04,22947.976826201437,77438.73845904271,57038.39812230309
2025-07-07,22947.976826201437,76722.94929973084,56591.00721265856
2025-07-08,22947.976826201437,76092.90214817524,56550.81615249609
2025-07-09,22947.976826201437,76761.91900413849,56894.320294849036
2025-07-10,22947.976826201437,77013.21364277811,57058.57190756885
2025-07-11,22947.976826201437,77356.83136783517,56870.44644393477
2025-07-14,22947.976826201437,77725.02050002497,56950.61988376756
2025-07-15,22947.976826201437,77706.51097620802,56730.602422618686
2025-07-16,22947.976826201437,77791.59601153944,56911.78524680386
2025-07-17,22947.976826201437,78149.17789593105,57218.264654153405
2025-07-18,22947.976826201437,78507.90913616739,57216.619288734844
2025-07-21,22947.976826201437,79427.06111686573,57298.02875917473
2025-07-22,22947.976826201437,79264.71560360145,57335.79190207322
2025-07-23,22947.976826201437,79384.99322062312,57784.41482923847
2025-07-24,22947.976826201437,79484.36103059468,57825.22390470446
2025-07-25,22947.976826201437,79774.46788117658,58058.103307722595
2025-07-28,22947.976826201437,80078.68698410454,58068.33667800862
2025-07-29,22947.976826201437,79775.48658673216,57896.76920880595
2025-07-30,22947.976826201437,79830.2693400719,57824.77042594275
2025-07-31,22947.976826201437,79652.34688861847,57615.6846121112
2025-08-01,22947.976826201437,77340.2579397081,56696.699868824144
2025-08-04,22947.976826201437,78685.55792779957,57534.443691299566
2025-08-05,22947.976826201437,78478.4195711206,57255.78299878232
2025-08-06,22947.976826201437,80183.862907746,57672.76273978872
2025-08-07,22947.976826201437,80270.88295708022,57627.559334729296
2025-08-08,22947.976826201437,81330.21264636097,58082.34636258446
2025-08-11,22947.976826201437,81140.1534490302,57942.670890896596
2025-08-12,22947.976826201437,81996.8775866246,58601.81631681985
2025-08-13,22947.976826201437,81968.61182654656,58793.02784388528
2025-08-14,22947.976826201437,82471.69079872155,58812.95683088147
2025-08-15,22947.976826201437,82471.7221518274,58655.81640723885
2025-08-18,22947.976826201437,82569.3335455047,58654.37570922603
2025-08-19,22947.976826201437,81605.59774721968,58315.67924436433
2025-08-20,22947.976826201437,80845.06934810165,58175.345626509035
2025-08-21,22947.976826201437,80600.64959649465,57949.90247256539
2025-08-22,22947.976826201437,82557.48183040565,58832.43635220235
2025-08-25,22947.976826201437,82846.23286286792,58582.62573771883
2025-08-26,23155.11681027893,83155.97646949643,59035.67160322563
2025-08-27,23155.11681027893,83121.30796887525,59176.95844973252
2025-08-28,23155.11681027893,83873.27260604425,59365.21069839897
2025-08-29,23155.11681027893,83289.2340640557,58990.639265123384
2025-09-01,23155.11681027893,83290.20700435646,58990.639265123384
2025-09-02,23155.11681027893,82454.84827112674,58594.00673829353
2025-09-03,23155.11681027893,85268.99150039771,58893.93773565547
2025-09-04,23155.11681027893,86453.71703757904,59390.77949777396
2025-09-05,23155.11681027893,86516.59473168882,59210.98037714153
2025-09-08,23155.11681027893,86702.33050418065,59338.900891135345
2025-09-09,23155.11681027893,87661.63810377958,59500.227168369885
2025-09-10,23155.11681027893,86863.67181399328,59679.45039700191
2025-09-11,23155.11681027893,87431.95927900098,60186.39644603672
2025-09-12,23155.11681027893,87860.83488130543,60159.75640699666
2025-09-15,23155.11681027893,89946.06902168525,60456.46965814646
2025-09-16,23155.11681027893,90167.006383162,60380.75395535094
2025-09-17,23155.11681027893,89939.17843650476,60323.1446192257
2025-09-18,23155.11681027893,90198.67369015684,60612.97132967128
2025-09-19,23155.11681027893,90922.95757181665,60909.26977749214
2025-09-22,23155.11681027893,90934.46619383479,61182.84666820577
2025-09-23,23155.11681027893,89932.79801739009,60846.1753721042
2025-09-24,23155.11681027893,89536.16887942374,60673.34333651177
2025-09-25,23155.11681027893,88938.59367295117,60370.07377643416
2025-09-26,23155.11681027893,89307.07207618444,60728.02891325028
2025-09-29,23155.11681027893,89336.44262738203,60888.61015537943
2025-09-30,23155.11681027893,89064.79683654163,61143.79474703089
2025-10-01,23155.11681027893,89385.14587621423,61354.77258002134
2025-10-02,23155.11681027893,89500.07542070966,61393.37345291617
2025-10-03,23155.11681027893,89140.2108906826,61403.76367222429
2025-10-06,23405.546802954712,90568.40733980066,61882.61740100793
2025-10-07,23405.546802954712,89472.63404524596,61647.17992224934
2025-10-08,23405.546802954712,89840.67373164985,62006.41970735665
2025-10-09,23405.546802954712,89718.6881673274,61837.68917728123
2025-10-10,23405.546802954712,86908.297928973,60169.1420467972
2025-10-13,23405.546802954712,88981.94819521498,61107.6570973747
2025-10-14,23405.546802954712,88557.15041027042,61013.0009197833
2025-10-15,23405.546802954712,89226.71374422395,61263.30260072163
2025-10-16,23405.546802954712,88826.59232799805,60877.85232635172
2025-10-17,23405.546802954712,89539.3387469754,61199.9518239125
2025-10-20,23405.546802954712,90949.13178948486,61853.87967388838
2025-10-21,23405.546802954712,90605.04128046751,61856.11577394424
2025-10-22,23405.546802954712,89942.10176663028,61526.93596680329
2025-10-23,23405.546802954712,90462.00361319468,61886.34153871399
2025-10-24,23405.546802954712,91569.43009806085,62378.1662871707
2025-10-27,23405.546802954712,93836.7043555227,63145.132432014696
2025-10-28,23405.546802954712,94103.32373955993,63289.88857288334
2025-10-29,23405.546802954712,95123.49184846228,63287.53116541038
2025-10-30,23405.546802954712,94317.36116941982,62661.055183932425
2025-10-31,23405.546802954712,95719.6228544902,62829.660363010145
2025-11-03,23405.546802954712,96726.27362429108,62941.66350125206
2025-11-04,23405.546802954712,94718.91921756367,62203.596826750494
2025-11-05,23405.546802954712,95726.42511362776,62431.16549771753
2025-11-06,23405.546802954712,94477.68149312527,61733.76106944002
2025-11-07,23405.546802954712,93604.59769131093,61818.0212013829
2025-11-10,23405.546802954712,96114.2547737105,62777.983403310056
2025-11-11,23405.546802954712,96369.16416339546,62908.29183079783
2025-11-12,23405.546802954712,95406.87107054895,62950.48255047785
2025-11-13,23405.546802954712,92986.56938789094,61910.1097053116
2025-11-14,23405.546802954712,92547.37614384577,61892.095553866864
2025-11-17,23405.546802954712,92863.84877577494,61331.04066245051
2025-11-18,23405.546802954712,91736.3585092091,60829.155485532676
2025-11-19,23405.546802954712,92760.17336355837,61059.50209635215
2025-11-20,23405.546802954712,91242.46333455814,60117.55000228911
2025-11-21,23405.546802954712,92984.29492044015,60712.68014717904
2025-11-24,23478.136799292603,96728.56214324171,61725.151924327474
2025-11-25,23478.136799292603,97677.22596234207,62288.401725658085
2025-11-26,23478.136799292603,97567.19238902863,62719.65940070068
2025-11-27,23478.136799292603,97568.30576605734,62719.65940070068
2025-11-28,23478.136799292603,98065.83257947801,63057.805221227674
2025-12-01,23478.136799292603,97428.75428035685,62729.73167435438
2025-12-02,23478.136799292603,98080.02283174425,62885.72641739992
2025-12-03,23478.136799292603,98346.33559625075,63075.21713802209
2025-12-04,23478.136799292603,98199.54945866598,63147.63791912769
2025-12-05,23478.136799292603,98904.86313342994,63279.58956200073
2025-12-08,23478.136799292603,97522.08371713437,63064.853383780355
2025-12-09,23478.136799292603,98031.54872267164,63010.21696688723
2025-12-10,23478.136799292603,98753.04797640284,63437.57608906463
2025-12-11,23478.136799292603,97629.7382394572,63570.19165994381
2025-12-12,23478.136799292603,96927.74183078938,62896.090171641656
2025-12-15,23478.136799292603,96779.02244655513,62806.25747374164
2025-12-16,23478.136799292603,96922.05952304509,62658.92618150751
2025-12-17,23478.136799292603,94796.11464810513,61933.835832004355
2025-12-18,23478.136799292603,96427.0960200994,62425.90769307013
2025-12-19,23478.136799292603,97313.13309516011,62977.83833156479
2025-12-22,23478.136799292603,97888.34679076204,63387.00015869669
2025-12-23,23478.136799292603,98901.26733624337,63675.6509560364
2025-12-24,23478.136799292603,98989.49322579769,63880.93830519422
2025-12-25,23478.136799292603,98989.49322579769,63880.93830519422
2025-12-26,23478.136799292603,98826.25657507879,63867.590923266485
2025-12-29,23478.136799292603,98435.81348131216,63646.551477329565
2025-12-30,23478.136799292603,98368.97109796322,63559.12349428093
2025-12-31,23478.136799292603,97835.74915727763,63096.40210909511
2026-01-01,23478.136799292603,97835.74915727763,63096.40210909511
2026-01-02,23478.136799292603,97443.44257108646,63230.592484818044
2026-01-05,23478.136799292603,98457.31576745083,63632.540167395746
2026-01-06,23478.136799292603,98369.54668421802,64031.54470570239
2026-01-07,23478.136799292603,99264.46524711771,63811.66713377617
2026-01-08,23478.136799292603,99911.77100318689,63816.598013724004
2026-01-09,23478.136799292603,100584.27245208199,64232.516522820464
2026-01-12,23478.136799292603,100870.46073988211,64339.26319151031
2026-01-13,23478.136799292603,100889.90987204784,64215.687567202156
2026-01-14,23478.136799292603,99816.60038059458,63874.51358723267
2026-01-15,23478.136799292603,99597.87012867176,64040.953051349956
2026-01-16,23478.136799292603,99070.69898159835,64004.34794750087
2026-01-19,23478.136799292603,99069.33927627132,64004.34794750087
2026-01-20,23478.136799292603,96357.5272094204,62686.28487336906
2026-01-21,23478.136799292603,97673.01185827731,63413.820421138684
2026-01-22,23478.136799292603,98743.75008161162,63762.87247366848
2026-01-23,23478.136799292603,98943.05774697571,63789.445787278935
2026-01-26,23478.136799292603,99596.17467368754,64108.77491651082
2026-01-27,23478.136799292603,100260.8565560252,64370.60545140856
2026-01-28,23478.136799292603,100269.55730133805,64365.92152029227
2026-01-29,23478.136799292603,100599.2468947729,64283.630882607984
2026-01-30,23478.136799292603,100156.52109866933,64011.31514322351
2026-02-02,23478.136799292603,101096.69218048792,64359.37130374417
2026-02-03,23478.136799292603,99165.09445753848,63818.96224516038
2026-02-04,23478.136799292603,97463.97052213886,63495.61311281836
2026-02-05,23478.136799292603,95990.40899185996,62718.25057785843
2026-02-06,23478.136799292603,95049.68703457147,63956.09576515426
2026-02-09,23478.136799292603,95288.60494008227,64262.11799587343
2026-02-10,23478.136799292603,94701.22877538337,64053.474571611565
2026-02-11,23478.136799292603,93545.39557779273,64052.14671559938
2026-02-12,23478.136799292603,91912.79034025819,63054.32364753708
2026-02-13,23478.136799292603,91195.60689529836,63095.0742530829
2026-02-16,23478.136799292603,91195.4679192168,63095.0742530829
2026-02-17,23478.136799292603,90998.5418185099,63168.49092619766
2026-02-18,23478.136799292603,91779.0154534231,63522.47790701684
2026-02-19,23478.136799292603,91367.12464890572,63351.929376276334
2026-02-20,23478.136799292603,93571.3124473534,63793.63177239065
2026-02-23,23478.136799292603,92065.0079795552,63133.007212944285
2026-02-24,23478.136799292603,92901.26007662922,63619.937680304094
2026-02-25,23478.136799292603,93903.00130642341,64139.44920006142
2026-02-26,23478.136799292603,92822.31422952571,63795.664039824005
2026-02-27,23478.136799292603,93102.35229766661,63524.83809011175
2026-03-02,23569.226795630493,92504.96018190071,63646.52140317023
2026-03-03,23569.226795630493,91900.19955734271,63047.9270809137
2026-03-04,23569.226795630493,92964.34541095098,63537.878459398926
2026-03-05,23569.226795630493,93181.39535194144,63181.39354676542
2026-03-06,23569.226795630493,91941.59039474488,62351.35626704886
2026-03-09,23569.226795630493,93115.5168979889,62875.18407057153
2026-03-10,23569.226795630493,93162.41307059767,62747.81909103875
2026-03-11,23569.226795630493,93307.0918791529,62697.46257172451
2026-03-12,23569.226795630493,91693.49785020716,61745.326645185094
2026-03-13,23569.226795630493,90925.90666499722,61379.37936107751
2026-03-16,23569.226795630493,92057.35635431723,62007.49190385785
2026-03-17,23569.226795630493,93101.94683752289,62164.45618678915
2026-03-18,23569.226795630493,91800.82125080036,61318.81045369848
2026-03-19,23569.226795630493,91081.55895283411,61153.83112860597
2026-03-20,23569.226795630493,89475.62919288076,60229.636360678036
2026-03-23,23569.226795630493,90549.07768221154,60923.134133592874
2026-03-24,23569.226795630493,88552.98082586529,60695.67639942285
2026-03-25,23569.226795630493,89113.13774432945,61026.96075460869
2026-03-26,23569.226795630493,86708.78382324261,59964.941316315555
2026-03-27,23569.226795630493,84510.46159974736,58963.94484949947
2026-03-30,23569.226795630493,84448.2949398541,58731.75187544873
2026-03-31,23569.226795630493,88034.5620038058,60448.12632890946
2026-04-01,23569.226795630493,89618.24286785065,60883.73596479038
2026-04-02,23569.226795630493,89210.8909602339,60956.47135751373
2026-04-03,23569.226795630493,89210.91582134501,60956.47135751373
2026-04-06,23569.226795630493,90117.86230468686,61230.920671699154
2026-04-07,23569.226795630493,90537.47036063639,61277.95684729564
2026-04-08,23569.226795630493,93352.94532472848,62814.907061541315
2026-04-09,23569.226795630493,94353.77556731706,63206.468425757404
2026-04-10,23569.226795630493,94489.48489866461,63140.87643429247
2026-04-13,23924.36681027893,95823.70436770204,64138.371198657165
2026-04-14,23924.36681027893,98717.47244940295,64895.80073595739
2026-04-15,23924.36681027893,100339.34217759561,65418.537758790815
2026-04-16,23924.36681027893,100228.21778957678,65589.82101879737
2026-04-17,23924.36681027893,101624.40413063133,66379.77460342189
2026-04-20,23924.36681027893,100745.76369910159,66223.8524126455
2026-04-21,23924.36681027893,99727.42650392975,65803.64074280277
2026-04-22,23924.36681027893,101063.37170449457,66493.02987525916
2026-04-23,23924.36681027893,100247.04248775086,66219.13565120721
2026-04-24,23924.36681027893,102089.50332036639,66749.89157615732
2026-04-27,23924.36681027893,102698.03066196936,66832.54701104091
2026-04-28,23924.36681027893,102190.84466909795,66505.8022292661
2026-04-29,23924.36681027893,102289.61863363777,66479.42179429045
2026-04-30,23924.36681027893,106135.84290170795,67162.6265472293
2026-05-01,23924.36681027893,106863.5320233798,67360.79575510554
2026-05-04,23924.36681027893,106583.35832184387,67091.16170020048
2026-05-05,23924.36681027893,107093.61143304082,67637.77605384098
2026-05-06,23924.36681027893,109187.93850590066,68624.55760648596
2026-05-07,23924.36681027893,109499.22213829259,68364.02278367257
2026-05-08,23924.36681027893,110213.46853517179,68950.34435979227
2026-05-11,23924.36681027893,108370.51217500189,69085.80550851303
2026-05-12,23924.36681027893,107981.8410244901,68977.43006678944
2026-05-13,23924.36681027893,110479.83768647355,69383.61783054088
2026-05-14,23924.36681027893,110367.76224020423,69916.3795001994
2026-05-15,23924.36681027893,109064.4132841615,69065.05501955822
2026-05-18,23924.36681027893,109005.63282269475,69018.42553180491
2026-05-19,23924.36681027893,107205.49294541095,68562.0207694396
2026-05-20,23924.36681027893,108234.97142849636,69303.5918780494
2026-05-21,23924.36681027893,108386.29663786359,69430.95666703253
2026-05-22,23924.36681027893,107869.39879089242,69693.79075817011
2026-05-25,23924.36681027893,107869.81783673314,69693.79075817011
2026-05-26,23924.36681027893,108719.35047771106,70123.89254318064
2026-05-27,23924.36681027893,109428.59444402259,70136.16346101047
2026-05-28,23924.36681027893,110068.03047800172,70540.18241137802
2026-05-29,23924.36681027893,108451.284033175,70697.60075725196
2026-06-01,23924.36681027893,107395.76819568526,70888.58678997339
2026-06-02,23924.36681027893,105249.8713077212,70982.39204554285
2026-06-03,23924.36681027893,104006.32822856716,70460.23799322428
2026-06-04,23924.36681027893,106097.55418155254,70758.13184958992
2026-06-05,23924.36681027893,103708.33248870226,68896.74368616231
2026-06-08,23924.36681027893,103181.191262596,69104.71332143481
2026-06-09,23924.36681027893,102700.88422894086,68929.09651137734
2026-06-10,23924.36681027893,100551.40508776357,67814.23674429403
2026-06-11,23924.36681027893,101597.66235244543,69003.10522974365
2026-06-12,23924.36681027893,101675.94846160933,69353.1892156964
2026-06-15,23924.36681027893,104450.9827710593,70515.71395662233
2026-06-16,23924.36681027893,104656.92540028831,70117.0436588105
2026-06-17,23924.36681027893,102043.38391360937,69266.14315672556
2026-06-18,23924.36681027893,103506.92167434671,70018.36264984417
2026-06-19,23924.36681027893,103506.47263541771,70018.36264984417
2026-06-22,24026.816807227173,100120.09144462463,69865.32479948517
2026-06-23,24026.816807227173,99036.08623481549,68862.62909332216
2026-06-24,24026.816807227173,99071.97426732996,68795.36246660695
2026-06-25,24026.816807227173,97514.98552040027,68791.68803324671
2026-06-26,24026.816807227173,97719.45551882093,68760.99426657737
2026-06-29,24026.816807227173,100802.3752452104,69569.3369442049
2026-06-30,24026.816807227173,101485.32839394141,70127.16492073741
2026-07-01,24026.816807227173,102888.86156597994,69978.70964757536
2026-07-02,24026.816807227173,102623.00273191801,69981.63286344867
2026-07-03,24026.816807227173,102624.31831416817,69981.63286344867
2026-07-06,24026.816807227173,104046.91251455843,70495.52278239987
2026-07-07,24026.816807227173,104081.67624605935,70181.97113565753
2026-07-08,24026.816807227173,103042.53547124604,69984.47442524722
2026-07-09,24026.816807227173,103360.41526101444,70556.77150381164
2026-07-10,24026.816807227173,103593.38706585944,70860.79412003966
2026-07-13,24026.816807227173,102669.23059490627,70299.16106362741
2026-07-14,24026.816807227173,103665.94423735024,70563.37731845265
2026-07-15,24026.816807227173,106244.4116594163,70837.88198668655
2026-07-16,24026.816807227173,103851.23439063528,70476.50554840859
2026-07-17,24026.816807227173,101979.74107048176,69765.49452779064
2026-07-20,24026.816807227173,102463.66811026735,69633.17409978382
2026-07-21,24026.816807227173,101976.93311647236,70250.24210749121
2026-07-22,24026.816807227173,100871.00628376144,70155.34374190685
2026-07-23,24026.816807227173,95675.25276881398,69308.62364918314
2026-07-24,24026.816807227173,96069.56359053824,69349.30370918503
2026-07-27,24026.816807227173,97153.02687400483,69360.97207645573
2026-07-28,24026.816807227173,98637.05568154585,69507.7126140496
2026-07-29,24026.816807227173,98287.43224493037,68453.7993895483
2026-07-30,24026.816807227173,98390.80146049507,69590.8609582886
2026-07-31,24026.816807227173,103180.20019533345,70082.63895381852
2026-08-03,24026.816807227173,106794.91208935285,71123.46711285353
2026-08-04,24026.816807227173,107508.92175651138,72396.73176085124
2026-08-05,24026.816807227173,106010.37353004265,72275.622437297
2026-08-06,24026.816807227173,105570.01946749151,72148.56869710669
2026-08-07,24026.816807227173,105955.71505836604,72598.24585173544
2026-08-10,24129.99680753235,106561.98560432257,72666.09413392986
2026-08-11,24129.99680753235,104358.33971939147,72434.65998854024
2026-08-12,24129.99680753235,103799.08694166662,72627.20423549243
2026-08-13,24129.99680753235,104729.87230426539,73101.79837033362
2026-08-14,24129.99680753235,104454.82137060685,72986.83767182006
2026-08-17,24129.99680753235,103424.65301500971,72614.51350328582
2026-08-18,24129.99680753235,103207.01564199963,72116.14059959355
2026-08-19,24129.99680753235,104234.13502223867,72274.26777704972
2026-08-20,24129.99680753235,102972.64101651438,71656.15879622987
2026-08-21,24129.99680753235,103635.67681391868,71971.4482629978
2026-08-24,24129.99680753235,104129.81003263492,71770.99683947093
2026-08-25,24129.99680753235,104276.72317323355,72004.18904376806
2026-08-26,24129.99680753235,103393.96573510935,71989.70754458116
2026-08-27,24129.99680753235,103565.48384567183,72508.38398440056
2026-08-28,24129.99680753235,104883.41385610272,72330.3294136533
2026-08-31,24129.99680753235,103552.52015756637,72093.57202943225
2026-09-01,24129.99680753235,102348.44706877849,71587.2428870562
2026-09-02,24129.99680753235,103110.43842641852,71917.7334306103
2026-09-03,24129.99680753235,104678.69047420962,72683.7646702047
2026-09-04,24129.99680753235,103483.95169555157,72421.80571597014
2026-09-07,24129.99680753235,103483.81528906293,72421.80571597014
2026-09-08,24129.99680753235,102818.35921201213,72000.96729860736
2026-09-09,24129.99680753235,101430.55345857315,71654.9813056128
2026-09-10,24129.99680753235,101611.48850188885,71243.77541565939
2026-09-11,24129.99680753235,102976.93274504966,71859.79107982661
2026-09-14,24440.866802649536,104515.01143951189,71826.18783031152
